order_id,order_date,customer_id,product,quantity,category,unit_price,net_sales
10001,2025-04-13,2273,Honey,4,Grocery,7.99,31.96
10002,2025-12-15,2415,Almonds,1,Grocery,5.99,5.99
10003,2025-09-28,2038,Olive Oil,3,Grocery,9.99,29.97
10004,2025-04-17,2028,Granola,2,Snacks,4.29,8.58
10005,2025-03-13,2476,Olive Oil,4,Grocery,9.99,39.96
10006,2025-07-08,2317,Green Tea,3,Beverages,6.49,19.47
10007,2025-01-21,2244,Protein Shake,1,Snacks,3.49,3.49
10008,2025-04-13,2271,Chocolate Bar,5,Snacks,1.99,9.95
10009,2025-05-02,2439,Pasta,5,Grocery,2.49,12.450000000000001
10010,2025-08-03,2238,Almonds,1,Grocery,5.99,5.99
10011,2025-11-27,2376,Granola,1,Snacks,4.29,4.29
10012,2025-03-29,2265,Olive Oil,5,Grocery,9.99,49.95
10013,2025-04-10,2358,Soap,3,Household,2.99,8.97
10014,2025-12-26,2339,Green Tea,5,Beverages,6.49,32.45
10015,2025-06-01,2388,Chocolate Bar,1,Snacks,1.99,1.99
10016,2025-05-11,2576,Chocolate Bar,4,Snacks,1.99,7.96
10017,2025-05-30,2002,Almonds,2,Grocery,5.99,11.98
10018,2025-11-05,2428,Pasta,4,Grocery,2.49,9.96
10019,2025-09-15,2141,Honey,4,Grocery,7.99,31.96
10020,2025-12-10,2375,Soap,1,Household,2.99,2.99
10021,2025-10-21,2323,Almonds,5,Grocery,5.99,29.950000000000003
10022,2025-07-11,2145,Olive Oil,3,Grocery,9.99,29.97
10023,2025-10-04,2292,Protein Shake,4,Snacks,3.49,13.96
10024,2025-06-10,2431,Espresso Beans,5,Beverages,12.99,64.95
10025,2025-11-10,2584,Honey,3,Grocery,7.99,23.97
10026,2025-01-22,2398,Pasta,4,Grocery,2.49,9.96
10027,2025-09-10,2343,Green Tea,3,Beverages,6.49,19.47
10028,2025-08-24,2139,Honey,5,Grocery,7.99,39.95
10029,2025-12-11,2186,Granola,2,Snacks,4.29,8.58
10030,2025-02-18,2060,Pasta,5,Grocery,2.49,12.450000000000001
10031,2025-02-28,2379,Protein Shake,1,Snacks,3.49,3.49
10032,2025-06-19,2439,Granola,3,Snacks,4.29,12.870000000000001
10033,2025-07-07,2318,Honey,2,Grocery,7.99,15.98
10034,2025-09-28,2301,Espresso Beans,3,Beverages,12.99,38.97
10035,2025-07-09,2343,Espresso Beans,3,Beverages,12.99,38.97
10036,2025-06-24,2010,Protein Shake,4,Snacks,3.49,13.96
10037,2025-02-20,2061,Chocolate Bar,1,Snacks,1.99,1.99
10038,2025-12-30,2225,Soap,3,Household,2.99,8.97
10039,2025-02-24,2152,Green Tea,5,Beverages,6.49,32.45
10040,2025-09-01,2563,Chocolate Bar,5,Snacks,1.99,9.95
10041,2025-11-16,2570,Espresso Beans,4,Beverages,12.99,51.96
10042,2025-05-11,2583,Espresso Beans,1,Beverages,12.99,12.99
10043,2025-11-03,2574,Olive Oil,1,Grocery,9.99,9.99
10044,2025-05-15,2309,Granola,5,Snacks,4.29,21.45
10045,2025-01-21,2242,Honey,2,Grocery,7.99,15.98
10046,2025-11-25,2492,Green Tea,4,Beverages,6.49,25.96
10047,2025-06-16,2365,Protein Shake,4,Snacks,3.49,13.96
10048,2025-10-01,2329,Honey,5,Grocery,7.99,39.95
10049,2025-03-30,2106,Olive Oil,5,Grocery,9.99,49.95
10050,2025-11-12,2225,Espresso Beans,2,Beverages,12.99,25.98
10051,2025-01-14,2217,Protein Shake,2,Snacks,3.49,6.98
10052,2025-08-30,2505,Espresso Beans,1,Beverages,12.99,12.99
10053,2025-09-22,2258,Green Tea,4,Beverages,6.49,25.96
10054,2025-12-12,2516,Granola,4,Snacks,4.29,17.16
10055,2025-02-22,2053,Honey,5,Grocery,7.99,39.95
10056,2025-12-06,2046,Honey,1,Grocery,7.99,7.99
10057,2025-04-02,2520,Chocolate Bar,4,Snacks,1.99,7.96
10058,2025-09-21,2098,Protein Shake,1,Snacks,3.49,3.49
10059,2025-02-04,2019,Soap,1,Household,2.99,2.99
10060,2025-07-25,2572,Olive Oil,5,Grocery,9.99,49.95
10061,2025-03-22,2489,Soap,1,Household,2.99,2.99
10062,2025-02-19,2418,Chocolate Bar,2,Snacks,1.99,3.98
10063,2025-12-26,2061,Green Tea,2,Beverages,6.49,12.98
10064,2025-01-02,2144,Olive Oil,3,Grocery,9.99,29.97
10065,2025-02-23,2215,Granola,5,Snacks,4.29,21.45
10066,2025-04-16,2002,Soap,3,Household,2.99,8.97
10067,2025-09-17,2159,Granola,2,Snacks,4.29,8.58
10068,2025-11-06,2119,Soap,3,Household,2.99,8.97
10069,2025-07-10,2088,Granola,5,Snacks,4.29,21.45
10070,2025-08-06,2328,Soap,5,Household,2.99,14.950000000000001
10071,2025-02-13,2579,Granola,1,Snacks,4.29,4.29
10072,2025-06-11,2356,Chocolate Bar,4,Snacks,1.99,7.96
10073,2025-07-21,2266,Pasta,1,Grocery,2.49,2.49
10074,2025-09-27,2322,Olive Oil,5,Grocery,9.99,49.95
10075,2025-12-17,2540,Protein Shake,2,Snacks,3.49,6.98
10076,2025-10-31,2194,Green Tea,2,Beverages,6.49,12.98
10077,2025-09-28,2331,Almonds,1,Grocery,5.99,5.99
10078,2025-08-03,2169,Espresso Beans,5,Beverages,12.99,64.95
10079,2025-09-09,2520,Protein Shake,2,Snacks,3.49,6.98
10080,2025-07-09,2462,Espresso Beans,5,Beverages,12.99,64.95
10081,2025-10-23,2039,Olive Oil,2,Grocery,9.99,19.98
10082,2025-08-01,2536,Protein Shake,5,Snacks,3.49,17.450000000000003
10083,2025-07-27,2260,Granola,3,Snacks,4.29,12.870000000000001
10084,2025-08-25,2394,Granola,5,Snacks,4.29,21.45
10085,2025-12-04,2225,Almonds,5,Grocery,5.99,29.950000000000003
10086,2025-02-22,2123,Espresso Beans,1,Beverages,12.99,12.99
10087,2025-10-07,2037,Green Tea,3,Beverages,6.49,19.47
10088,2025-08-05,2327,Olive Oil,4,Grocery,9.99,39.96
10089,2025-09-09,2250,Granola,1,Snacks,4.29,4.29
10090,2025-07-07,2175,Pasta,4,Grocery,2.49,9.96
10091,2025-02-10,2453,Chocolate Bar,2,Snacks,1.99,3.98
10092,2025-06-06,2036,Chocolate Bar,4,Snacks,1.99,7.96
10093,2025-01-15,2315,Soap,5,Household,2.99,14.950000000000001
10094,2025-10-28,2592,Green Tea,4,Beverages,6.49,25.96
10095,2025-03-06,2113,Chocolate Bar,1,Snacks,1.99,1.99
10096,2025-12-11,2039,Soap,1,Household,2.99,2.99
10097,2025-11-23,2300,Espresso Beans,4,Beverages,12.99,51.96
10098,2025-01-09,2223,Granola,1,Snacks,4.29,4.29
10099,2025-12-10,2317,Granola,1,Snacks,4.29,4.29
10100,2025-05-09,2348,Pasta,4,Grocery,2.49,9.96
10101,2025-05-16,2114,Protein Shake,3,Snacks,3.49,10.47
10102,2025-03-04,2322,Chocolate Bar,3,Snacks,1.99,5.97
10103,2025-05-19,2567,Espresso Beans,2,Beverages,12.99,25.98
10104,2025-03-22,2039,Honey,1,Grocery,7.99,7.99
10105,2025-06-12,2039,Chocolate Bar,4,Snacks,1.99,7.96
10106,2025-10-16,2288,Green Tea,1,Beverages,6.49,6.49
10107,2025-09-18,2261,Protein Shake,5,Snacks,3.49,17.450000000000003
10108,2025-08-19,2215,Chocolate Bar,1,Snacks,1.99,1.99
10109,2025-02-10,2146,Espresso Beans,1,Beverages,12.99,12.99
10110,2025-01-28,2335,Chocolate Bar,3,Snacks,1.99,5.97
10111,2025-05-15,2167,Green Tea,4,Beverages,6.49,25.96
10112,2025-07-20,2091,Honey,1,Grocery,7.99,7.99
10113,2025-11-24,2352,Olive Oil,3,Grocery,9.99,29.97
10114,2025-09-25,2570,Almonds,2,Grocery,5.99,11.98
10115,2025-02-02,2570,Honey,3,Grocery,7.99,23.97
10116,2025-02-17,2362,Soap,3,Household,2.99,8.97
10117,2025-03-03,2556,Chocolate Bar,3,Snacks,1.99,5.97
10118,2025-08-04,2344,Granola,1,Snacks,4.29,4.29
10119,2025-10-20,2169,Pasta,1,Grocery,2.49,2.49
10120,2025-04-09,2355,Granola,2,Snacks,4.29,8.58
10121,2025-06-21,2190,Honey,5,Grocery,7.99,39.95
10122,2025-12-26,2421,Granola,5,Snacks,4.29,21.45
10123,2025-08-02,2006,Espresso Beans,5,Beverages,12.99,64.95
10124,2025-02-04,2132,Granola,2,Snacks,4.29,8.58
10125,2025-08-15,2556,Protein Shake,5,Snacks,3.49,17.450000000000003
10126,2025-04-11,2030,Olive Oil,5,Grocery,9.99,49.95
10127,2025-05-11,2534,Chocolate Bar,3,Snacks,1.99,5.97
10128,2025-09-14,2425,Granola,1,Snacks,4.29,4.29
10129,2025-01-05,2393,Green Tea,1,Beverages,6.49,6.49
10130,2025-08-06,2362,Olive Oil,3,Grocery,9.99,29.97
10131,2025-09-12,2436,Olive Oil,3,Grocery,9.99,29.97
10132,2025-12-25,2550,Granola,3,Snacks,4.29,12.870000000000001
10133,2025-10-10,2081,Olive Oil,1,Grocery,9.99,9.99
10134,2025-07-26,2355,Pasta,5,Grocery,2.49,12.450000000000001
10135,2025-01-15,2257,Granola,3,Snacks,4.29,12.870000000000001
10136,2025-12-12,2588,Espresso Beans,2,Beverages,12.99,25.98
10137,2025-02-11,2523,Honey,3,Grocery,7.99,23.97
10138,2025-06-28,2294,Protein Shake,4,Snacks,3.49,13.96
10139,2025-03-04,2223,Almonds,3,Grocery,5.99,17.97
10140,2025-12-18,2524,Soap,1,Household,2.99,2.99
10141,2025-08-19,2045,Olive Oil,3,Grocery,9.99,29.97
10142,2025-08-29,2112,Espresso Beans,4,Beverages,12.99,51.96
10143,2025-02-21,2232,Chocolate Bar,2,Snacks,1.99,3.98
10144,2025-04-06,2016,Chocolate Bar,5,Snacks,1.99,9.95
10145,2025-08-10,2359,Soap,3,Household,2.99,8.97
10146,2025-08-19,2222,Protein Shake,4,Snacks,3.49,13.96
10147,2025-08-25,2447,Olive Oil,4,Grocery,9.99,39.96
10148,2025-05-23,2364,Pasta,2,Grocery,2.49,4.98
10149,2025-06-20,2325,Soap,1,Household,2.99,2.99
10150,2025-01-29,2466,Protein Shake,3,Snacks,3.49,10.47
10151,2025-02-05,2413,Olive Oil,4,Grocery,9.99,39.96
10152,2025-01-13,2454,Espresso Beans,2,Beverages,12.99,25.98
10153,2025-06-09,2585,Honey,5,Grocery,7.99,39.95
10154,2025-11-23,2232,Pasta,4,Grocery,2.49,9.96
10155,2025-07-06,2223,Almonds,2,Grocery,5.99,11.98
10156,2025-08-31,2411,Chocolate Bar,1,Snacks,1.99,1.99
10157,2025-03-27,2571,Green Tea,1,Beverages,6.49,6.49
10158,2025-10-11,2334,Espresso Beans,4,Beverages,12.99,51.96
10159,2025-03-07,2221,Chocolate Bar,4,Snacks,1.99,7.96
10160,2025-06-19,2036,Granola,3,Snacks,4.29,12.870000000000001
10161,2025-02-14,2277,Green Tea,2,Beverages,6.49,12.98
10162,2025-03-03,2195,Chocolate Bar,4,Snacks,1.99,7.96
10163,2025-05-14,2483,Protein Shake,3,Snacks,3.49,10.47
10164,2025-10-11,2241,Pasta,3,Grocery,2.49,7.470000000000001
10165,2025-01-28,2323,Chocolate Bar,4,Snacks,1.99,7.96
10166,2025-04-18,2191,Almonds,1,Grocery,5.99,5.99
10167,2025-02-13,2016,Honey,2,Grocery,7.99,15.98
10168,2025-12-06,2523,Protein Shake,2,Snacks,3.49,6.98
10169,2025-10-13,2400,Espresso Beans,1,Beverages,12.99,12.99
10170,2025-11-27,2021,Espresso Beans,4,Beverages,12.99,51.96
10171,2025-05-08,2473,Espresso Beans,2,Beverages,12.99,25.98
10172,2025-12-14,2119,Espresso Beans,4,Beverages,12.99,51.96
10173,2025-08-19,2209,Honey,4,Grocery,7.99,31.96
10174,2025-07-09,2305,Chocolate Bar,3,Snacks,1.99,5.97
10175,2025-08-13,2269,Olive Oil,1,Grocery,9.99,9.99
10176,2025-10-10,2284,Chocolate Bar,4,Snacks,1.99,7.96
10177,2025-05-01,2226,Granola,5,Snacks,4.29,21.45
10178,2025-04-26,2380,Pasta,1,Grocery,2.49,2.49
10179,2025-08-21,2459,Green Tea,2,Beverages,6.49,12.98
10180,2025-09-16,2006,Olive Oil,3,Grocery,9.99,29.97
10181,2025-12-25,2028,Olive Oil,2,Grocery,9.99,19.98
10182,2025-07-17,2032,Chocolate Bar,2,Snacks,1.99,3.98
10183,2025-05-17,2078,Olive Oil,1,Grocery,9.99,9.99
10184,2025-11-14,2458,Soap,2,Household,2.99,5.98
10185,2025-06-14,2569,Soap,4,Household,2.99,11.96
10186,2025-08-13,2537,Granola,2,Snacks,4.29,8.58
10187,2025-11-03,2481,Green Tea,3,Beverages,6.49,19.47
10188,2025-08-22,2429,Almonds,3,Grocery,5.99,17.97
10189,2025-06-21,2284,Honey,5,Grocery,7.99,39.95
10190,2025-06-01,2515,Chocolate Bar,3,Snacks,1.99,5.97
10191,2025-11-11,2098,Honey,2,Grocery,7.99,15.98
10192,2025-06-09,2396,Almonds,3,Grocery,5.99,17.97
10193,2025-04-06,2488,Chocolate Bar,1,Snacks,1.99,1.99
10194,2025-08-21,2038,Chocolate Bar,3,Snacks,1.99,5.97
10195,2025-06-29,2270,Green Tea,4,Beverages,6.49,25.96
10196,2025-04-23,2156,Honey,1,Grocery,7.99,7.99
10197,2025-11-14,2074,Soap,5,Household,2.99,14.950000000000001
10198,2025-02-21,2129,Espresso Beans,4,Beverages,12.99,51.96
10199,2025-09-25,2083,Honey,2,Grocery,7.99,15.98
10200,2025-10-22,2021,Pasta,2,Grocery,2.49,4.98
10201,2025-04-23,2458,Pasta,2,Grocery,2.49,4.98
10202,2025-04-11,2538,Chocolate Bar,4,Snacks,1.99,7.96
10203,2025-04-23,2381,Espresso Beans,4,Beverages,12.99,51.96
10204,2025-03-22,2439,Protein Shake,4,Snacks,3.49,13.96
10205,2025-07-06,2020,Almonds,1,Grocery,5.99,5.99
10206,2025-04-23,2302,Granola,1,Snacks,4.29,4.29
10207,2025-01-02,2083,Espresso Beans,2,Beverages,12.99,25.98
10208,2025-05-10,2452,Granola,3,Snacks,4.29,12.870000000000001
10209,2025-08-08,2386,Honey,2,Grocery,7.99,15.98
10210,2025-02-23,2506,Honey,5,Grocery,7.99,39.95
10211,2025-12-09,2256,Granola,1,Snacks,4.29,4.29
10212,2025-08-12,2569,Almonds,4,Grocery,5.99,23.96
10213,2025-08-13,2526,Espresso Beans,1,Beverages,12.99,12.99
10214,2025-05-06,2161,Protein Shake,4,Snacks,3.49,13.96
10215,2025-05-10,2162,Chocolate Bar,5,Snacks,1.99,9.95
10216,2025-02-22,2523,Green Tea,5,Beverages,6.49,32.45
10217,2025-06-21,2270,Honey,1,Grocery,7.99,7.99
10218,2025-08-06,2491,Pasta,4,Grocery,2.49,9.96
10219,2025-06-09,2207,Almonds,5,Grocery,5.99,29.950000000000003
10220,2025-07-17,2538,Green Tea,2,Beverages,6.49,12.98
10221,2025-09-04,2583,Protein Shake,2,Snacks,3.49,6.98
10222,2025-11-20,2059,Olive Oil,4,Grocery,9.99,39.96
10223,2025-07-22,2429,Chocolate Bar,1,Snacks,1.99,1.99
10224,2025-07-03,2308,Honey,5,Grocery,7.99,39.95
10225,2025-05-03,2519,Chocolate Bar,1,Snacks,1.99,1.99
10226,2025-09-12,2590,Green Tea,2,Beverages,6.49,12.98
10227,2025-10-21,2026,Chocolate Bar,5,Snacks,1.99,9.95
10228,2025-10-07,2561,Olive Oil,1,Grocery,9.99,9.99
10229,2025-11-21,2198,Green Tea,3,Beverages,6.49,19.47
10230,2025-04-08,2386,Honey,4,Grocery,7.99,31.96
10231,2025-07-17,2348,Espresso Beans,4,Beverages,12.99,51.96
10232,2025-08-28,2535,Pasta,3,Grocery,2.49,7.470000000000001
10233,2025-05-24,2377,Green Tea,2,Beverages,6.49,12.98
10234,2025-04-07,2557,Soap,5,Household,2.99,14.950000000000001
10235,2025-07-20,2526,Olive Oil,4,Grocery,9.99,39.96
10236,2025-05-04,2152,Green Tea,3,Beverages,6.49,19.47
10237,2025-07-06,2205,Green Tea,3,Beverages,6.49,19.47
10238,2025-11-22,2454,Soap,2,Household,2.99,5.98
10239,2025-12-15,2272,Honey,2,Grocery,7.99,15.98
10240,2025-09-16,2235,Green Tea,1,Beverages,6.49,6.49
10241,2025-05-28,2520,Pasta,4,Grocery,2.49,9.96
10242,2025-09-09,2500,Chocolate Bar,1,Snacks,1.99,1.99
10243,2025-12-12,2116,Honey,3,Grocery,7.99,23.97
10244,2025-05-27,2385,Pasta,5,Grocery,2.49,12.450000000000001
10245,2025-05-28,2343,Honey,5,Grocery,7.99,39.95
10246,2025-12-18,2583,Pasta,2,Grocery,2.49,4.98
10247,2025-07-18,2394,Olive Oil,5,Grocery,9.99,49.95
10248,2025-11-04,2063,Pasta,5,Grocery,2.49,12.450000000000001
10249,2025-05-08,2071,Granola,5,Snacks,4.29,21.45
10250,2025-02-08,2273,Pasta,3,Grocery,2.49,7.470000000000001
10251,2025-12-04,2319,Espresso Beans,5,Beverages,12.99,64.95
10252,2025-12-26,2337,Espresso Beans,5,Beverages,12.99,64.95
10253,2025-05-09,2365,Almonds,5,Grocery,5.99,29.950000000000003
10254,2025-09-24,2494,Granola,1,Snacks,4.29,4.29
10255,2025-05-31,2165,Granola,3,Snacks,4.29,12.870000000000001
10256,2025-10-25,2543,Chocolate Bar,2,Snacks,1.99,3.98
10257,2025-04-09,2010,Granola,1,Snacks,4.29,4.29
10258,2025-09-20,2300,Chocolate Bar,4,Snacks,1.99,7.96
10259,2025-09-09,2101,Almonds,3,Grocery,5.99,17.97
10260,2025-05-24,2424,Almonds,3,Grocery,5.99,17.97
10261,2025-12-12,2391,Olive Oil,4,Grocery,9.99,39.96
10262,2025-04-22,2213,Espresso Beans,4,Beverages,12.99,51.96
10263,2025-03-01,2087,Pasta,4,Grocery,2.49,9.96
10264,2025-01-02,2552,Pasta,2,Grocery,2.49,4.98
10265,2025-10-31,2400,Soap,5,Household,2.99,14.950000000000001
10266,2025-09-11,2587,Soap,3,Household,2.99,8.97
10267,2025-05-20,2045,Protein Shake,5,Snacks,3.49,17.450000000000003
10268,2025-02-06,2462,Honey,5,Grocery,7.99,39.95
10269,2025-06-09,2591,Olive Oil,4,Grocery,9.99,39.96
10270,2025-01-09,2309,Protein Shake,2,Snacks,3.49,6.98
10271,2025-08-21,2085,Protein Shake,1,Snacks,3.49,3.49
10272,2025-04-09,2091,Green Tea,2,Beverages,6.49,12.98
10273,2025-05-27,2241,Green Tea,5,Beverages,6.49,32.45
10274,2025-10-31,2001,Protein Shake,2,Snacks,3.49,6.98
10275,2025-07-27,2224,Granola,4,Snacks,4.29,17.16
10276,2025-05-11,2588,Honey,1,Grocery,7.99,7.99
10277,2025-06-01,2115,Olive Oil,4,Grocery,9.99,39.96
10278,2025-02-23,2102,Protein Shake,1,Snacks,3.49,3.49
10279,2025-04-30,2193,Pasta,5,Grocery,2.49,12.450000000000001
10280,2025-06-10,2165,Honey,1,Grocery,7.99,7.99
10281,2025-04-26,2089,Green Tea,1,Beverages,6.49,6.49
10282,2025-03-16,2121,Pasta,1,Grocery,2.49,2.49
10283,2025-04-23,2142,Green Tea,2,Beverages,6.49,12.98
10284,2025-04-14,2105,Green Tea,2,Beverages,6.49,12.98
10285,2025-12-06,2427,Honey,5,Grocery,7.99,39.95
10286,2025-09-11,2304,Green Tea,1,Beverages,6.49,6.49
10287,2025-08-15,2316,Almonds,3,Grocery,5.99,17.97
10288,2025-04-22,2008,Espresso Beans,5,Beverages,12.99,64.95
10289,2025-04-09,2072,Almonds,1,Grocery,5.99,5.99
10290,2025-06-02,2358,Espresso Beans,1,Beverages,12.99,12.99
10291,2025-12-15,2222,Soap,2,Household,2.99,5.98
10292,2025-12-04,2415,Soap,5,Household,2.99,14.950000000000001
10293,2025-07-13,2552,Green Tea,1,Beverages,6.49,6.49
10294,2025-11-06,2369,Olive Oil,1,Grocery,9.99,9.99
10295,2025-06-12,2263,Olive Oil,5,Grocery,9.99,49.95
10296,2025-07-27,2317,Espresso Beans,3,Beverages,12.99,38.97
10297,2025-06-18,2083,Pasta,5,Grocery,2.49,12.450000000000001
10298,2025-06-10,2317,Honey,5,Grocery,7.99,39.95
10299,2025-03-09,2110,Green Tea,3,Beverages,6.49,19.47
10300,2025-10-16,2250,Honey,5,Grocery,7.99,39.95
10301,2025-10-04,2382,Almonds,1,Grocery,5.99,5.99
10302,2025-10-31,2006,Olive Oil,5,Grocery,9.99,49.95
10303,2025-05-15,2458,Granola,3,Snacks,4.29,12.870000000000001
10304,2025-07-14,2083,Almonds,4,Grocery,5.99,23.96
10305,2025-05-08,2207,Almonds,5,Grocery,5.99,29.950000000000003
10306,2025-02-02,2389,Espresso Beans,2,Beverages,12.99,25.98
10307,2025-06-25,2313,Chocolate Bar,1,Snacks,1.99,1.99
10308,2025-01-22,2021,Almonds,1,Grocery,5.99,5.99
10309,2025-08-26,2409,Green Tea,2,Beverages,6.49,12.98
10310,2025-06-07,2514,Protein Shake,2,Snacks,3.49,6.98
10311,2025-02-07,2126,Protein Shake,5,Snacks,3.49,17.450000000000003
10312,2025-08-18,2013,Green Tea,2,Beverages,6.49,12.98
10313,2025-12-31,2011,Chocolate Bar,4,Snacks,1.99,7.96
10314,2025-02-20,2086,Chocolate Bar,3,Snacks,1.99,5.97
10315,2025-09-21,2523,Espresso Beans,2,Beverages,12.99,25.98
10316,2025-10-10,2536,Olive Oil,2,Grocery,9.99,19.98
10317,2025-01-27,2300,Honey,4,Grocery,7.99,31.96
10318,2025-08-14,2242,Chocolate Bar,1,Snacks,1.99,1.99
10319,2025-10-04,2121,Granola,1,Snacks,4.29,4.29
10320,2025-10-13,2146,Espresso Beans,5,Beverages,12.99,64.95
10321,2025-04-07,2566,Soap,4,Household,2.99,11.96
10322,2025-10-11,2355,Pasta,3,Grocery,2.49,7.470000000000001
10323,2025-11-13,2308,Soap,3,Household,2.99,8.97
10324,2025-10-31,2287,Espresso Beans,4,Beverages,12.99,51.96
10325,2025-05-27,2306,Almonds,3,Grocery,5.99,17.97
10326,2025-01-04,2593,Honey,1,Grocery,7.99,7.99
10327,2025-02-04,2548,Pasta,3,Grocery,2.49,7.470000000000001
10328,2025-07-11,2351,Soap,3,Household,2.99,8.97
10329,2025-02-18,2311,Pasta,4,Grocery,2.49,9.96
10330,2025-01-17,2058,Granola,4,Snacks,4.29,17.16
10331,2025-06-21,2034,Granola,3,Snacks,4.29,12.870000000000001
10332,2025-08-08,2444,Granola,2,Snacks,4.29,8.58
10333,2025-06-07,2092,Espresso Beans,4,Beverages,12.99,51.96
10334,2025-02-15,2206,Honey,5,Grocery,7.99,39.95
10335,2025-01-06,2352,Espresso Beans,5,Beverages,12.99,64.95
10336,2025-04-09,2331,Protein Shake,1,Snacks,3.49,3.49
10337,2025-08-21,2158,Almonds,3,Grocery,5.99,17.97
10338,2025-02-06,2023,Almonds,2,Grocery,5.99,11.98
10339,2025-10-07,2403,Granola,1,Snacks,4.29,4.29
10340,2025-12-15,2515,Protein Shake,3,Snacks,3.49,10.47
10341,2025-10-29,2363,Chocolate Bar,4,Snacks,1.99,7.96
10342,2025-06-30,2381,Chocolate Bar,5,Snacks,1.99,9.95
10343,2025-04-05,2531,Granola,2,Snacks,4.29,8.58
10344,2025-04-09,2151,Soap,5,Household,2.99,14.950000000000001
10345,2025-07-07,2561,Espresso Beans,4,Beverages,12.99,51.96
10346,2025-04-26,2419,Granola,3,Snacks,4.29,12.870000000000001
10347,2025-07-10,2249,Olive Oil,4,Grocery,9.99,39.96
10348,2025-09-10,2116,Pasta,4,Grocery,2.49,9.96
10349,2025-06-10,2511,Almonds,5,Grocery,5.99,29.950000000000003
10350,2025-09-13,2577,Chocolate Bar,2,Snacks,1.99,3.98
10351,2025-11-19,2334,Green Tea,4,Beverages,6.49,25.96
10352,2025-05-08,2417,Chocolate Bar,5,Snacks,1.99,9.95
10353,2025-01-18,2294,Almonds,2,Grocery,5.99,11.98
10354,2025-10-08,2370,Pasta,3,Grocery,2.49,7.470000000000001
10355,2025-08-11,2185,Almonds,3,Grocery,5.99,17.97
10356,2025-02-23,2245,Green Tea,1,Beverages,6.49,6.49
10357,2025-02-27,2267,Granola,5,Snacks,4.29,21.45
10358,2025-11-19,2236,Protein Shake,2,Snacks,3.49,6.98
10359,2025-12-26,2529,Green Tea,4,Beverages,6.49,25.96
10360,2025-06-23,2551,Almonds,3,Grocery,5.99,17.97
10361,2025-10-07,2020,Almonds,2,Grocery,5.99,11.98
10362,2025-04-24,2519,Olive Oil,5,Grocery,9.99,49.95
10363,2025-10-15,2099,Olive Oil,1,Grocery,9.99,9.99
10364,2025-12-08,2477,Honey,3,Grocery,7.99,23.97
10365,2025-05-31,2598,Olive Oil,2,Grocery,9.99,19.98
10366,2025-05-07,2297,Espresso Beans,2,Beverages,12.99,25.98
10367,2025-06-04,2525,Protein Shake,2,Snacks,3.49,6.98
10368,2025-09-30,2333,Pasta,5,Grocery,2.49,12.450000000000001
10369,2025-04-14,2001,Green Tea,5,Beverages,6.49,32.45
10370,2025-10-26,2374,Almonds,5,Grocery,5.99,29.950000000000003
10371,2025-09-03,2292,Honey,4,Grocery,7.99,31.96
10372,2025-06-25,2552,Honey,2,Grocery,7.99,15.98
10373,2025-02-08,2317,Pasta,3,Grocery,2.49,7.470000000000001
10374,2025-06-19,2501,Protein Shake,5,Snacks,3.49,17.450000000000003
10375,2025-09-04,2380,Green Tea,5,Beverages,6.49,32.45
10376,2025-01-26,2013,Chocolate Bar,2,Snacks,1.99,3.98
10377,2025-12-21,2503,Olive Oil,5,Grocery,9.99,49.95
10378,2025-11-02,2230,Granola,4,Snacks,4.29,17.16
10379,2025-01-13,2083,Honey,4,Grocery,7.99,31.96
10380,2025-11-12,2129,Olive Oil,5,Grocery,9.99,49.95
10381,2025-11-09,2144,Olive Oil,2,Grocery,9.99,19.98
10382,2025-02-05,2027,Espresso Beans,2,Beverages,12.99,25.98
10383,2025-06-22,2065,Protein Shake,2,Snacks,3.49,6.98
10384,2025-01-20,2162,Granola,1,Snacks,4.29,4.29
10385,2025-11-17,2228,Chocolate Bar,5,Snacks,1.99,9.95
10386,2025-09-21,2260,Almonds,2,Grocery,5.99,11.98
10387,2025-05-22,2448,Espresso Beans,4,Beverages,12.99,51.96
10388,2025-05-23,2423,Olive Oil,3,Grocery,9.99,29.97
10389,2025-04-02,2459,Olive Oil,3,Grocery,9.99,29.97
10390,2025-12-20,2300,Soap,2,Household,2.99,5.98
10391,2025-11-18,2302,Granola,3,Snacks,4.29,12.870000000000001
10392,2025-10-15,2286,Granola,3,Snacks,4.29,12.870000000000001
10393,2025-08-03,2394,Soap,1,Household,2.99,2.99
10394,2025-12-08,2009,Granola,4,Snacks,4.29,17.16
10395,2025-02-20,2269,Olive Oil,4,Grocery,9.99,39.96
10396,2025-06-02,2591,Honey,1,Grocery,7.99,7.99
10397,2025-07-05,2360,Green Tea,1,Beverages,6.49,6.49
10398,2025-03-04,2256,Olive Oil,3,Grocery,9.99,29.97
10399,2025-07-09,2132,Espresso Beans,5,Beverages,12.99,64.95
10400,2025-05-05,2275,Protein Shake,3,Snacks,3.49,10.47
10401,2025-05-30,2512,Soap,1,Household,2.99,2.99
10402,2025-11-10,2312,Chocolate Bar,4,Snacks,1.99,7.96
10403,2025-02-27,2575,Almonds,3,Grocery,5.99,17.97
10404,2025-12-08,2283,Chocolate Bar,5,Snacks,1.99,9.95
10405,2025-11-01,2120,Olive Oil,3,Grocery,9.99,29.97
10406,2025-06-29,2106,Espresso Beans,2,Beverages,12.99,25.98
10407,2025-06-19,2203,Olive Oil,3,Grocery,9.99,29.97
10408,2025-11-22,2164,Protein Shake,1,Snacks,3.49,3.49
10409,2025-09-28,2304,Honey,4,Grocery,7.99,31.96
10410,2025-02-23,2496,Almonds,4,Grocery,5.99,23.96
10411,2025-04-11,2555,Protein Shake,1,Snacks,3.49,3.49
10412,2025-09-21,2155,Soap,2,Household,2.99,5.98
10413,2025-02-22,2366,Soap,1,Household,2.99,2.99
10414,2025-03-01,2250,Olive Oil,3,Grocery,9.99,29.97
10415,2025-04-18,2333,Espresso Beans,1,Beverages,12.99,12.99
10416,2025-01-05,2510,Protein Shake,1,Snacks,3.49,3.49
10417,2025-04-13,2292,Pasta,2,Grocery,2.49,4.98
10418,2025-07-15,2019,Espresso Beans,3,Beverages,12.99,38.97
10419,2025-09-19,2281,Honey,5,Grocery,7.99,39.95
10420,2025-12-31,2000,Soap,5,Household,2.99,14.950000000000001
10421,2025-12-16,2118,Olive Oil,4,Grocery,9.99,39.96
10422,2025-02-16,2034,Granola,1,Snacks,4.29,4.29
10423,2025-12-21,2197,Soap,4,Household,2.99,11.96
10424,2025-11-07,2484,Almonds,2,Grocery,5.99,11.98
10425,2025-11-04,2058,Green Tea,5,Beverages,6.49,32.45
10426,2025-05-24,2160,Granola,1,Snacks,4.29,4.29
10427,2025-09-26,2205,Olive Oil,2,Grocery,9.99,19.98
10428,2025-05-04,2011,Pasta,2,Grocery,2.49,4.98
10429,2025-04-16,2489,Granola,1,Snacks,4.29,4.29
10430,2025-06-07,2275,Almonds,2,Grocery,5.99,11.98
10431,2025-05-27,2241,Espresso Beans,1,Beverages,12.99,12.99
10432,2025-05-25,2215,Pasta,1,Grocery,2.49,2.49
10433,2025-04-30,2250,Soap,3,Household,2.99,8.97
10434,2025-11-15,2125,Pasta,4,Grocery,2.49,9.96
10435,2025-10-02,2216,Protein Shake,2,Snacks,3.49,6.98
10436,2025-04-02,2305,Almonds,2,Grocery,5.99,11.98
10437,2025-02-27,2184,Granola,3,Snacks,4.29,12.870000000000001
10438,2025-12-12,2038,Protein Shake,3,Snacks,3.49,10.47
10439,2025-08-17,2222,Pasta,3,Grocery,2.49,7.470000000000001
10440,2025-04-27,2183,Protein Shake,5,Snacks,3.49,17.450000000000003
10441,2025-11-14,2494,Chocolate Bar,5,Snacks,1.99,9.95
10442,2025-10-06,2426,Almonds,5,Grocery,5.99,29.950000000000003
10443,2025-05-07,2177,Honey,1,Grocery,7.99,7.99
10444,2025-05-09,2427,Espresso Beans,2,Beverages,12.99,25.98
10445,2025-02-27,2293,Pasta,4,Grocery,2.49,9.96
10446,2025-05-02,2150,Almonds,1,Grocery,5.99,5.99
10447,2025-01-01,2383,Honey,2,Grocery,7.99,15.98
10448,2025-08-27,2307,Honey,2,Grocery,7.99,15.98
10449,2025-10-17,2335,Olive Oil,3,Grocery,9.99,29.97
10450,2025-04-06,2374,Protein Shake,3,Snacks,3.49,10.47
10451,2025-05-06,2007,Honey,1,Grocery,7.99,7.99
10452,2025-04-28,2340,Chocolate Bar,3,Snacks,1.99,5.97
10453,2025-02-17,2128,Almonds,2,Grocery,5.99,11.98
10454,2025-03-30,2351,Green Tea,3,Beverages,6.49,19.47
10455,2025-08-25,2357,Green Tea,5,Beverages,6.49,32.45
10456,2025-09-29,2516,Pasta,3,Grocery,2.49,7.470000000000001
10457,2025-07-08,2494,Soap,2,Household,2.99,5.98
10458,2025-07-11,2085,Protein Shake,1,Snacks,3.49,3.49
10459,2025-03-10,2174,Soap,4,Household,2.99,11.96
10460,2025-10-05,2192,Honey,3,Grocery,7.99,23.97
10461,2025-12-15,2310,Almonds,2,Grocery,5.99,11.98
10462,2025-09-04,2118,Pasta,4,Grocery,2.49,9.96
10463,2025-03-17,2217,Granola,4,Snacks,4.29,17.16
10464,2025-06-03,2426,Honey,5,Grocery,7.99,39.95
10465,2025-05-24,2413,Protein Shake,4,Snacks,3.49,13.96
10466,2025-03-27,2113,Green Tea,2,Beverages,6.49,12.98
10467,2025-07-04,2144,Olive Oil,2,Grocery,9.99,19.98
10468,2025-10-12,2537,Almonds,3,Grocery,5.99,17.97
10469,2025-08-08,2302,Espresso Beans,3,Beverages,12.99,38.97
10470,2025-03-10,2587,Soap,3,Household,2.99,8.97
10471,2025-02-16,2344,Pasta,4,Grocery,2.49,9.96
10472,2025-04-04,2000,Soap,4,Household,2.99,11.96
10473,2025-08-26,2146,Almonds,5,Grocery,5.99,29.950000000000003
10474,2025-07-23,2286,Soap,3,Household,2.99,8.97
10475,2025-08-06,2052,Almonds,1,Grocery,5.99,5.99
10476,2025-12-07,2303,Soap,5,Household,2.99,14.950000000000001
10477,2025-02-08,2068,Chocolate Bar,1,Snacks,1.99,1.99
10478,2025-04-10,2360,Granola,4,Snacks,4.29,17.16
10479,2025-10-16,2219,Honey,5,Grocery,7.99,39.95
10480,2025-09-11,2574,Honey,5,Grocery,7.99,39.95
10481,2025-08-10,2584,Protein Shake,2,Snacks,3.49,6.98
10482,2025-12-23,2160,Espresso Beans,4,Beverages,12.99,51.96
10483,2025-01-23,2088,Espresso Beans,4,Beverages,12.99,51.96
10484,2025-09-07,2584,Protein Shake,5,Snacks,3.49,17.450000000000003
10485,2025-01-10,2588,Olive Oil,4,Grocery,9.99,39.96
10486,2025-09-03,2158,Honey,5,Grocery,7.99,39.95
10487,2025-11-21,2488,Olive Oil,2,Grocery,9.99,19.98
10488,2025-04-10,2323,Almonds,5,Grocery,5.99,29.950000000000003
10489,2025-10-17,2380,Almonds,4,Grocery,5.99,23.96
10490,2025-06-29,2101,Green Tea,4,Beverages,6.49,25.96
10491,2025-08-11,2493,Soap,5,Household,2.99,14.950000000000001
10492,2025-09-07,2018,Espresso Beans,5,Beverages,12.99,64.95
10493,2025-05-27,2453,Green Tea,5,Beverages,6.49,32.45
10494,2025-04-06,2481,Granola,3,Snacks,4.29,12.870000000000001
10495,2025-09-14,2593,Protein Shake,4,Snacks,3.49,13.96
10496,2025-11-21,2396,Protein Shake,4,Snacks,3.49,13.96
10497,2025-01-04,2278,Almonds,3,Grocery,5.99,17.97
10498,2025-01-16,2364,Honey,5,Grocery,7.99,39.95
10499,2025-10-07,2330,Olive Oil,2,Grocery,9.99,19.98
10500,2025-12-02,2343,Espresso Beans,5,Beverages,12.99,64.95
10501,2025-09-04,2454,Green Tea,5,Beverages,6.49,32.45
10502,2025-09-15,2064,Olive Oil,3,Grocery,9.99,29.97
10503,2025-06-09,2075,Green Tea,4,Beverages,6.49,25.96
10504,2025-12-06,2142,Soap,5,Household,2.99,14.950000000000001
10505,2025-06-01,2472,Granola,4,Snacks,4.29,17.16
10506,2025-06-27,2416,Granola,1,Snacks,4.29,4.29
10507,2025-06-12,2304,Olive Oil,4,Grocery,9.99,39.96
10508,2025-02-02,2496,Olive Oil,2,Grocery,9.99,19.98
10509,2025-06-28,2290,Olive Oil,2,Grocery,9.99,19.98
10510,2025-04-11,2101,Green Tea,5,Beverages,6.49,32.45
10511,2025-09-25,2266,Soap,4,Household,2.99,11.96
10512,2025-11-19,2002,Chocolate Bar,5,Snacks,1.99,9.95
10513,2025-03-06,2084,Olive Oil,3,Grocery,9.99,29.97
10514,2025-06-17,2327,Honey,2,Grocery,7.99,15.98
10515,2025-11-26,2449,Espresso Beans,5,Beverages,12.99,64.95
10516,2025-02-12,2453,Espresso Beans,3,Beverages,12.99,38.97
10517,2025-02-13,2220,Green Tea,5,Beverages,6.49,32.45
10518,2025-10-12,2153,Olive Oil,4,Grocery,9.99,39.96
10519,2025-01-12,2011,Almonds,4,Grocery,5.99,23.96
10520,2025-04-05,2132,Protein Shake,4,Snacks,3.49,13.96
10521,2025-10-29,2303,Chocolate Bar,4,Snacks,1.99,7.96
10522,2025-09-10,2292,Honey,1,Grocery,7.99,7.99
10523,2025-08-30,2299,Soap,3,Household,2.99,8.97
10524,2025-02-04,2042,Almonds,3,Grocery,5.99,17.97
10525,2025-08-03,2342,Granola,4,Snacks,4.29,17.16
10526,2025-12-03,2325,Almonds,1,Grocery,5.99,5.99
10527,2025-03-31,2497,Green Tea,4,Beverages,6.49,25.96
10528,2025-09-21,2363,Chocolate Bar,1,Snacks,1.99,1.99
10529,2025-04-03,2426,Pasta,4,Grocery,2.49,9.96
10530,2025-03-31,2020,Pasta,2,Grocery,2.49,4.98
10531,2025-04-25,2406,Olive Oil,2,Grocery,9.99,19.98
10532,2025-04-15,2335,Olive Oil,5,Grocery,9.99,49.95
10533,2025-07-15,2116,Green Tea,4,Beverages,6.49,25.96
10534,2025-11-10,2123,Soap,3,Household,2.99,8.97
10535,2025-04-24,2398,Olive Oil,5,Grocery,9.99,49.95
10536,2025-03-16,2050,Protein Shake,2,Snacks,3.49,6.98
10537,2025-08-05,2323,Chocolate Bar,4,Snacks,1.99,7.96
10538,2025-10-04,2140,Green Tea,5,Beverages,6.49,32.45
10539,2025-09-06,2469,Espresso Beans,4,Beverages,12.99,51.96
10540,2025-06-13,2333,Granola,2,Snacks,4.29,8.58
10541,2025-12-23,2372,Green Tea,5,Beverages,6.49,32.45
10542,2025-07-11,2563,Green Tea,2,Beverages,6.49,12.98
10543,2025-08-15,2493,Pasta,1,Grocery,2.49,2.49
10544,2025-06-26,2538,Honey,2,Grocery,7.99,15.98
10545,2025-04-09,2155,Soap,4,Household,2.99,11.96
10546,2025-02-05,2290,Honey,3,Grocery,7.99,23.97
10547,2025-04-06,2143,Protein Shake,2,Snacks,3.49,6.98
10548,2025-06-01,2105,Espresso Beans,3,Beverages,12.99,38.97
10549,2025-05-31,2419,Pasta,1,Grocery,2.49,2.49
10550,2025-07-09,2001,Espresso Beans,5,Beverages,12.99,64.95
10551,2025-08-12,2588,Protein Shake,5,Snacks,3.49,17.450000000000003
10552,2025-02-06,2089,Honey,3,Grocery,7.99,23.97
10553,2025-09-25,2344,Green Tea,5,Beverages,6.49,32.45
10554,2025-07-02,2349,Olive Oil,2,Grocery,9.99,19.98
10555,2025-01-13,2458,Olive Oil,3,Grocery,9.99,29.97
10556,2025-10-06,2262,Almonds,4,Grocery,5.99,23.96
10557,2025-08-05,2350,Granola,2,Snacks,4.29,8.58
10558,2025-12-21,2107,Soap,2,Household,2.99,5.98
10559,2025-12-27,2585,Protein Shake,2,Snacks,3.49,6.98
10560,2025-10-13,2038,Granola,4,Snacks,4.29,17.16
10561,2025-09-30,2158,Soap,1,Household,2.99,2.99
10562,2025-03-03,2582,Granola,5,Snacks,4.29,21.45
10563,2025-03-25,2311,Honey,3,Grocery,7.99,23.97
10564,2025-08-05,2240,Soap,1,Household,2.99,2.99
10565,2025-12-08,2444,Honey,3,Grocery,7.99,23.97
10566,2025-07-06,2297,Green Tea,5,Beverages,6.49,32.45
10567,2025-01-19,2035,Pasta,4,Grocery,2.49,9.96
10568,2025-06-26,2083,Honey,2,Grocery,7.99,15.98
10569,2025-04-10,2451,Olive Oil,2,Grocery,9.99,19.98
10570,2025-08-21,2384,Granola,4,Snacks,4.29,17.16
10571,2025-03-17,2171,Almonds,1,Grocery,5.99,5.99
10572,2025-09-22,2375,Chocolate Bar,1,Snacks,1.99,1.99
10573,2025-10-11,2361,Soap,3,Household,2.99,8.97
10574,2025-07-25,2558,Protein Shake,4,Snacks,3.49,13.96
10575,2025-08-11,2140,Almonds,1,Grocery,5.99,5.99
10576,2025-02-21,2117,Olive Oil,4,Grocery,9.99,39.96
10577,2025-12-05,2276,Honey,5,Grocery,7.99,39.95
10578,2025-05-24,2219,Pasta,2,Grocery,2.49,4.98
10579,2025-03-10,2025,Green Tea,2,Beverages,6.49,12.98
10580,2025-04-09,2520,Chocolate Bar,2,Snacks,1.99,3.98
10581,2025-01-25,2009,Espresso Beans,4,Beverages,12.99,51.96
10582,2025-02-22,2377,Almonds,4,Grocery,5.99,23.96
10583,2025-05-31,2583,Pasta,3,Grocery,2.49,7.470000000000001
10584,2025-05-24,2151,Espresso Beans,2,Beverages,12.99,25.98
10585,2025-02-26,2048,Chocolate Bar,3,Snacks,1.99,5.97
10586,2025-02-08,2153,Protein Shake,2,Snacks,3.49,6.98
10587,2025-04-19,2292,Protein Shake,3,Snacks,3.49,10.47
10588,2025-06-30,2579,Granola,3,Snacks,4.29,12.870000000000001
10589,2025-02-11,2049,Chocolate Bar,5,Snacks,1.99,9.95
10590,2025-07-05,2530,Chocolate Bar,3,Snacks,1.99,5.97
10591,2025-08-11,2059,Espresso Beans,4,Beverages,12.99,51.96
10592,2025-05-02,2166,Pasta,3,Grocery,2.49,7.470000000000001
10593,2025-05-13,2201,Soap,2,Household,2.99,5.98
10594,2025-06-12,2145,Espresso Beans,3,Beverages,12.99,38.97
10595,2025-08-03,2438,Green Tea,1,Beverages,6.49,6.49
10596,2025-08-09,2241,Protein Shake,2,Snacks,3.49,6.98
10597,2025-08-23,2580,Protein Shake,1,Snacks,3.49,3.49
10598,2025-11-27,2560,Granola,2,Snacks,4.29,8.58
10599,2025-05-26,2482,Green Tea,4,Beverages,6.49,25.96
10600,2025-08-27,2107,Protein Shake,4,Snacks,3.49,13.96
10601,2025-03-17,2225,Espresso Beans,4,Beverages,12.99,51.96
10602,2025-01-09,2431,Green Tea,1,Beverages,6.49,6.49
10603,2025-03-15,2418,Espresso Beans,5,Beverages,12.99,64.95
10604,2025-09-10,2454,Soap,2,Household,2.99,5.98
10605,2025-08-18,2159,Soap,4,Household,2.99,11.96
10606,2025-01-07,2522,Protein Shake,2,Snacks,3.49,6.98
10607,2025-06-23,2589,Protein Shake,1,Snacks,3.49,3.49
10608,2025-05-21,2076,Pasta,5,Grocery,2.49,12.450000000000001
10609,2025-06-17,2508,Soap,1,Household,2.99,2.99
10610,2025-06-19,2440,Almonds,2,Grocery,5.99,11.98
10611,2025-10-10,2253,Almonds,5,Grocery,5.99,29.950000000000003
10612,2025-05-02,2319,Granola,5,Snacks,4.29,21.45
10613,2025-07-13,2262,Soap,1,Household,2.99,2.99
10614,2025-01-05,2596,Espresso Beans,4,Beverages,12.99,51.96
10615,2025-01-29,2553,Espresso Beans,2,Beverages,12.99,25.98
10616,2025-06-14,2373,Olive Oil,3,Grocery,9.99,29.97
10617,2025-12-05,2166,Green Tea,3,Beverages,6.49,19.47
10618,2025-05-16,2458,Honey,1,Grocery,7.99,7.99
10619,2025-12-31,2279,Almonds,2,Grocery,5.99,11.98
10620,2025-11-17,2301,Protein Shake,2,Snacks,3.49,6.98
10621,2025-12-08,2530,Granola,1,Snacks,4.29,4.29
10622,2025-05-25,2579,Honey,2,Grocery,7.99,15.98
10623,2025-11-23,2217,Chocolate Bar,4,Snacks,1.99,7.96
10624,2025-08-05,2101,Granola,1,Snacks,4.29,4.29
10625,2025-10-28,2553,Chocolate Bar,4,Snacks,1.99,7.96
10626,2025-05-12,2287,Soap,2,Household,2.99,5.98
10627,2025-10-19,2166,Chocolate Bar,1,Snacks,1.99,1.99
10628,2025-03-11,2035,Chocolate Bar,2,Snacks,1.99,3.98
10629,2025-09-09,2352,Pasta,1,Grocery,2.49,2.49
10630,2025-10-02,2072,Pasta,2,Grocery,2.49,4.98
10631,2025-12-30,2352,Pasta,4,Grocery,2.49,9.96
10632,2025-07-01,2069,Soap,4,Household,2.99,11.96
10633,2025-06-16,2424,Honey,2,Grocery,7.99,15.98
10634,2025-04-01,2560,Granola,1,Snacks,4.29,4.29
10635,2025-07-21,2516,Granola,3,Snacks,4.29,12.870000000000001
10636,2025-12-12,2427,Protein Shake,4,Snacks,3.49,13.96
10637,2025-01-19,2538,Pasta,4,Grocery,2.49,9.96
10638,2025-02-08,2159,Soap,3,Household,2.99,8.97
10639,2025-05-06,2148,Protein Shake,2,Snacks,3.49,6.98
10640,2025-06-22,2229,Green Tea,1,Beverages,6.49,6.49
10641,2025-05-21,2561,Protein Shake,2,Snacks,3.49,6.98
10642,2025-08-30,2066,Honey,5,Grocery,7.99,39.95
10643,2025-08-08,2380,Almonds,4,Grocery,5.99,23.96
10644,2025-05-06,2057,Chocolate Bar,5,Snacks,1.99,9.95
10645,2025-02-27,2258,Pasta,4,Grocery,2.49,9.96
10646,2025-05-28,2341,Almonds,4,Grocery,5.99,23.96
10647,2025-11-13,2129,Protein Shake,5,Snacks,3.49,17.450000000000003
10648,2025-12-27,2171,Soap,5,Household,2.99,14.950000000000001
10649,2025-01-01,2208,Chocolate Bar,2,Snacks,1.99,3.98
10650,2025-12-14,2353,Granola,5,Snacks,4.29,21.45
10651,2025-07-09,2470,Espresso Beans,2,Beverages,12.99,25.98
10652,2025-07-10,2115,Chocolate Bar,2,Snacks,1.99,3.98
10653,2025-11-08,2263,Honey,2,Grocery,7.99,15.98
10654,2025-04-27,2441,Honey,4,Grocery,7.99,31.96
10655,2025-05-14,2547,Protein Shake,4,Snacks,3.49,13.96
10656,2025-02-27,2452,Green Tea,5,Beverages,6.49,32.45
10657,2025-02-13,2476,Honey,4,Grocery,7.99,31.96
10658,2025-06-22,2286,Honey,5,Grocery,7.99,39.95
10659,2025-06-09,2302,Soap,4,Household,2.99,11.96
10660,2025-06-22,2310,Protein Shake,1,Snacks,3.49,3.49
10661,2025-11-13,2207,Chocolate Bar,1,Snacks,1.99,1.99
10662,2025-10-30,2445,Green Tea,5,Beverages,6.49,32.45
10663,2025-05-29,2054,Almonds,4,Grocery,5.99,23.96
10664,2025-03-21,2011,Espresso Beans,4,Beverages,12.99,51.96
10665,2025-08-01,2399,Pasta,2,Grocery,2.49,4.98
10666,2025-07-22,2514,Granola,3,Snacks,4.29,12.870000000000001
10667,2025-09-09,2541,Honey,5,Grocery,7.99,39.95
10668,2025-08-17,2236,Protein Shake,3,Snacks,3.49,10.47
10669,2025-06-13,2278,Pasta,3,Grocery,2.49,7.470000000000001
10670,2025-08-15,2347,Granola,5,Snacks,4.29,21.45
10671,2025-05-27,2103,Granola,4,Snacks,4.29,17.16
10672,2025-01-20,2516,Almonds,5,Grocery,5.99,29.950000000000003
10673,2025-02-16,2247,Almonds,3,Grocery,5.99,17.97
10674,2025-08-21,2363,Almonds,4,Grocery,5.99,23.96
10675,2025-11-01,2320,Olive Oil,1,Grocery,9.99,9.99
10676,2025-01-14,2285,Olive Oil,5,Grocery,9.99,49.95
10677,2025-05-23,2148,Granola,5,Snacks,4.29,21.45
10678,2025-01-01,2083,Almonds,4,Grocery,5.99,23.96
10679,2025-02-23,2405,Soap,1,Household,2.99,2.99
10680,2025-09-16,2455,Honey,1,Grocery,7.99,7.99
10681,2025-05-24,2160,Pasta,4,Grocery,2.49,9.96
10682,2025-01-12,2459,Pasta,2,Grocery,2.49,4.98
10683,2025-11-26,2549,Olive Oil,5,Grocery,9.99,49.95
10684,2025-08-12,2499,Granola,5,Snacks,4.29,21.45
10685,2025-09-29,2508,Protein Shake,3,Snacks,3.49,10.47
10686,2025-12-24,2480,Chocolate Bar,4,Snacks,1.99,7.96
10687,2025-06-05,2113,Chocolate Bar,3,Snacks,1.99,5.97
10688,2025-01-08,2577,Olive Oil,3,Grocery,9.99,29.97
10689,2025-05-02,2360,Protein Shake,1,Snacks,3.49,3.49
10690,2025-12-14,2340,Olive Oil,5,Grocery,9.99,49.95
10691,2025-06-13,2448,Chocolate Bar,3,Snacks,1.99,5.97
10692,2025-03-31,2179,Protein Shake,1,Snacks,3.49,3.49
10693,2025-05-16,2406,Almonds,4,Grocery,5.99,23.96
10694,2025-07-05,2195,Granola,3,Snacks,4.29,12.870000000000001
10695,2025-11-12,2465,Pasta,5,Grocery,2.49,12.450000000000001
10696,2025-06-27,2310,Soap,3,Household,2.99,8.97
10697,2025-01-28,2261,Green Tea,4,Beverages,6.49,25.96
10698,2025-08-08,2418,Granola,3,Snacks,4.29,12.870000000000001
10699,2025-12-23,2405,Almonds,5,Grocery,5.99,29.950000000000003
10700,2025-02-10,2142,Chocolate Bar,1,Snacks,1.99,1.99
10701,2025-08-16,2341,Almonds,5,Grocery,5.99,29.950000000000003
10702,2025-07-11,2315,Olive Oil,1,Grocery,9.99,9.99
10703,2025-05-25,2100,Protein Shake,2,Snacks,3.49,6.98
10704,2025-07-20,2243,Pasta,5,Grocery,2.49,12.450000000000001
10705,2025-07-31,2489,Honey,5,Grocery,7.99,39.95
10706,2025-08-08,2011,Olive Oil,4,Grocery,9.99,39.96
10707,2025-08-28,2238,Granola,3,Snacks,4.29,12.870000000000001
10708,2025-02-15,2560,Olive Oil,1,Grocery,9.99,9.99
10709,2025-02-04,2041,Granola,1,Snacks,4.29,4.29
10710,2025-09-10,2593,Honey,4,Grocery,7.99,31.96
10711,2025-03-23,2428,Espresso Beans,4,Beverages,12.99,51.96
10712,2025-09-13,2157,Pasta,3,Grocery,2.49,7.470000000000001
10713,2025-07-16,2215,Soap,3,Household,2.99,8.97
10714,2025-10-30,2461,Soap,5,Household,2.99,14.950000000000001
10715,2025-01-10,2133,Green Tea,2,Beverages,6.49,12.98
10716,2025-11-08,2066,Almonds,3,Grocery,5.99,17.97
10717,2025-10-13,2006,Espresso Beans,4,Beverages,12.99,51.96
10718,2025-08-30,2525,Soap,3,Household,2.99,8.97
10719,2025-09-08,2072,Olive Oil,1,Grocery,9.99,9.99
10720,2025-12-31,2398,Almonds,2,Grocery,5.99,11.98
10721,2025-01-05,2404,Espresso Beans,5,Beverages,12.99,64.95
10722,2025-04-29,2577,Protein Shake,1,Snacks,3.49,3.49
10723,2025-10-16,2129,Protein Shake,1,Snacks,3.49,3.49
10724,2025-03-06,2465,Almonds,2,Grocery,5.99,11.98
10725,2025-05-26,2205,Granola,5,Snacks,4.29,21.45
10726,2025-08-12,2265,Granola,4,Snacks,4.29,17.16
10727,2025-08-27,2536,Olive Oil,5,Grocery,9.99,49.95
10728,2025-06-26,2252,Espresso Beans,3,Beverages,12.99,38.97
10729,2025-09-24,2288,Espresso Beans,1,Beverages,12.99,12.99
10730,2025-12-07,2163,Almonds,3,Grocery,5.99,17.97
10731,2025-10-09,2094,Chocolate Bar,4,Snacks,1.99,7.96
10732,2025-03-04,2109,Protein Shake,3,Snacks,3.49,10.47
10733,2025-08-05,2335,Espresso Beans,5,Beverages,12.99,64.95
10734,2025-12-08,2237,Almonds,3,Grocery,5.99,17.97
10735,2025-11-11,2380,Honey,4,Grocery,7.99,31.96
10736,2025-10-10,2435,Green Tea,4,Beverages,6.49,25.96
10737,2025-06-26,2482,Honey,4,Grocery,7.99,31.96
10738,2025-04-08,2024,Pasta,5,Grocery,2.49,12.450000000000001
10739,2025-04-15,2116,Olive Oil,4,Grocery,9.99,39.96
10740,2025-04-09,2481,Espresso Beans,1,Beverages,12.99,12.99
10741,2025-11-07,2391,Pasta,4,Grocery,2.49,9.96
10742,2025-01-06,2536,Soap,3,Household,2.99,8.97
10743,2025-07-16,2078,Pasta,3,Grocery,2.49,7.470000000000001
10744,2025-12-17,2579,Almonds,3,Grocery,5.99,17.97
10745,2025-05-13,2172,Espresso Beans,5,Beverages,12.99,64.95
10746,2025-12-24,2011,Green Tea,3,Beverages,6.49,19.47
10747,2025-09-16,2127,Almonds,5,Grocery,5.99,29.950000000000003
10748,2025-01-23,2091,Almonds,5,Grocery,5.99,29.950000000000003
10749,2025-02-22,2542,Olive Oil,4,Grocery,9.99,39.96
10750,2025-06-14,2531,Olive Oil,1,Grocery,9.99,9.99
10751,2025-07-21,2446,Protein Shake,4,Snacks,3.49,13.96
10752,2025-03-24,2389,Protein Shake,4,Snacks,3.49,13.96
10753,2025-05-25,2042,Granola,5,Snacks,4.29,21.45
10754,2025-03-26,2253,Chocolate Bar,5,Snacks,1.99,9.95
10755,2025-03-19,2129,Espresso Beans,3,Beverages,12.99,38.97
10756,2025-01-01,2059,Espresso Beans,3,Beverages,12.99,38.97
10757,2025-02-20,2466,Pasta,4,Grocery,2.49,9.96
10758,2025-06-22,2286,Espresso Beans,2,Beverages,12.99,25.98
10759,2025-07-24,2516,Espresso Beans,2,Beverages,12.99,25.98
10760,2025-09-17,2466,Chocolate Bar,3,Snacks,1.99,5.97
10761,2025-10-15,2344,Soap,2,Household,2.99,5.98
10762,2025-02-03,2381,Protein Shake,3,Snacks,3.49,10.47
10763,2025-12-14,2252,Protein Shake,5,Snacks,3.49,17.450000000000003
10764,2025-04-05,2055,Green Tea,4,Beverages,6.49,25.96
10765,2025-03-13,2462,Espresso Beans,1,Beverages,12.99,12.99
10766,2025-02-08,2456,Chocolate Bar,4,Snacks,1.99,7.96
10767,2025-06-03,2082,Protein Shake,3,Snacks,3.49,10.47
10768,2025-09-07,2098,Chocolate Bar,3,Snacks,1.99,5.97
10769,2025-06-11,2148,Honey,4,Grocery,7.99,31.96
10770,2025-04-28,2328,Soap,3,Household,2.99,8.97
10771,2025-09-16,2155,Espresso Beans,2,Beverages,12.99,25.98
10772,2025-11-02,2189,Green Tea,2,Beverages,6.49,12.98
10773,2025-09-25,2493,Pasta,3,Grocery,2.49,7.470000000000001
10774,2025-02-23,2262,Protein Shake,3,Snacks,3.49,10.47
10775,2025-08-24,2079,Honey,2,Grocery,7.99,15.98
10776,2025-08-10,2399,Chocolate Bar,3,Snacks,1.99,5.97
10777,2025-09-08,2259,Olive Oil,3,Grocery,9.99,29.97
10778,2025-11-09,2551,Almonds,4,Grocery,5.99,23.96
10779,2025-04-22,2100,Espresso Beans,1,Beverages,12.99,12.99
10780,2025-09-12,2358,Espresso Beans,2,Beverages,12.99,25.98
10781,2025-10-30,2379,Honey,4,Grocery,7.99,31.96
10782,2025-07-26,2220,Chocolate Bar,1,Snacks,1.99,1.99
10783,2025-08-17,2419,Granola,3,Snacks,4.29,12.870000000000001
10784,2025-12-07,2123,Espresso Beans,3,Beverages,12.99,38.97
10785,2025-03-07,2421,Granola,4,Snacks,4.29,17.16
10786,2025-03-16,2230,Olive Oil,3,Grocery,9.99,29.97
10787,2025-04-13,2062,Honey,5,Grocery,7.99,39.95
10788,2025-07-11,2484,Chocolate Bar,4,Snacks,1.99,7.96
10789,2025-09-09,2573,Chocolate Bar,1,Snacks,1.99,1.99
10790,2025-08-14,2482,Soap,4,Household,2.99,11.96
10791,2025-10-21,2518,Almonds,2,Grocery,5.99,11.98
10792,2025-11-02,2154,Protein Shake,4,Snacks,3.49,13.96
10793,2025-04-08,2091,Protein Shake,3,Snacks,3.49,10.47
10794,2025-12-04,2525,Pasta,3,Grocery,2.49,7.470000000000001
10795,2025-10-13,2454,Green Tea,5,Beverages,6.49,32.45
10796,2025-12-01,2597,Honey,5,Grocery,7.99,39.95
10797,2025-12-13,2509,Olive Oil,5,Grocery,9.99,49.95
10798,2025-11-04,2182,Chocolate Bar,1,Snacks,1.99,1.99
10799,2025-09-06,2385,Almonds,5,Grocery,5.99,29.950000000000003
10800,2025-06-15,2573,Granola,1,Snacks,4.29,4.29
10801,2025-12-01,2404,Honey,5,Grocery,7.99,39.95
10802,2025-01-30,2245,Pasta,1,Grocery,2.49,2.49
10803,2025-09-04,2590,Honey,4,Grocery,7.99,31.96
10804,2025-04-16,2470,Pasta,4,Grocery,2.49,9.96
10805,2025-02-20,2422,Chocolate Bar,3,Snacks,1.99,5.97
10806,2025-03-22,2064,Green Tea,1,Beverages,6.49,6.49
10807,2025-05-13,2012,Pasta,2,Grocery,2.49,4.98
10808,2025-10-12,2212,Chocolate Bar,3,Snacks,1.99,5.97
10809,2025-05-18,2241,Chocolate Bar,4,Snacks,1.99,7.96
10810,2025-07-03,2492,Green Tea,1,Beverages,6.49,6.49
10811,2025-11-26,2212,Protein Shake,5,Snacks,3.49,17.450000000000003
10812,2025-09-30,2337,Honey,2,Grocery,7.99,15.98
10813,2025-12-06,2172,Espresso Beans,4,Beverages,12.99,51.96
10814,2025-03-10,2163,Espresso Beans,3,Beverages,12.99,38.97
10815,2025-02-03,2464,Granola,1,Snacks,4.29,4.29
10816,2025-09-19,2496,Granola,2,Snacks,4.29,8.58
10817,2025-02-22,2394,Espresso Beans,1,Beverages,12.99,12.99
10818,2025-07-24,2307,Olive Oil,5,Grocery,9.99,49.95
10819,2025-05-06,2182,Espresso Beans,3,Beverages,12.99,38.97
10820,2025-08-23,2509,Granola,1,Snacks,4.29,4.29
10821,2025-02-12,2545,Almonds,4,Grocery,5.99,23.96
10822,2025-08-28,2563,Granola,3,Snacks,4.29,12.870000000000001
10823,2025-04-21,2593,Olive Oil,4,Grocery,9.99,39.96
10824,2025-09-06,2226,Honey,1,Grocery,7.99,7.99
10825,2025-05-31,2435,Espresso Beans,3,Beverages,12.99,38.97
10826,2025-07-02,2421,Green Tea,4,Beverages,6.49,25.96
10827,2025-12-02,2553,Almonds,5,Grocery,5.99,29.950000000000003
10828,2025-04-05,2020,Chocolate Bar,5,Snacks,1.99,9.95
10829,2025-01-08,2553,Olive Oil,1,Grocery,9.99,9.99
10830,2025-12-26,2396,Granola,3,Snacks,4.29,12.870000000000001
10831,2025-07-03,2104,Green Tea,2,Beverages,6.49,12.98
10832,2025-10-08,2191,Pasta,3,Grocery,2.49,7.470000000000001
10833,2025-07-14,2016,Protein Shake,5,Snacks,3.49,17.450000000000003
10834,2025-12-18,2119,Espresso Beans,4,Beverages,12.99,51.96
10835,2025-07-14,2392,Protein Shake,2,Snacks,3.49,6.98
10836,2025-06-04,2424,Olive Oil,1,Grocery,9.99,9.99
10837,2025-04-03,2128,Pasta,2,Grocery,2.49,4.98
10838,2025-06-09,2129,Pasta,1,Grocery,2.49,2.49
10839,2025-03-02,2571,Pasta,2,Grocery,2.49,4.98
10840,2025-05-02,2559,Chocolate Bar,1,Snacks,1.99,1.99
10841,2025-02-20,2028,Olive Oil,1,Grocery,9.99,9.99
10842,2025-10-04,2096,Honey,2,Grocery,7.99,15.98
10843,2025-01-05,2009,Protein Shake,2,Snacks,3.49,6.98
10844,2025-04-02,2241,Honey,1,Grocery,7.99,7.99
10845,2025-06-19,2231,Green Tea,5,Beverages,6.49,32.45
10846,2025-11-13,2283,Soap,2,Household,2.99,5.98
10847,2025-01-22,2199,Almonds,3,Grocery,5.99,17.97
10848,2025-11-22,2078,Almonds,4,Grocery,5.99,23.96
10849,2025-01-01,2172,Honey,1,Grocery,7.99,7.99
10850,2025-05-13,2466,Soap,1,Household,2.99,2.99
10851,2025-08-21,2580,Soap,4,Household,2.99,11.96
10852,2025-01-12,2415,Espresso Beans,5,Beverages,12.99,64.95
10853,2025-12-12,2448,Green Tea,4,Beverages,6.49,25.96
10854,2025-02-15,2086,Olive Oil,2,Grocery,9.99,19.98
10855,2025-02-03,2100,Soap,4,Household,2.99,11.96
10856,2025-03-19,2007,Granola,1,Snacks,4.29,4.29
10857,2025-08-06,2199,Almonds,4,Grocery,5.99,23.96
10858,2025-10-28,2504,Granola,3,Snacks,4.29,12.870000000000001
10859,2025-03-14,2086,Green Tea,2,Beverages,6.49,12.98
10860,2025-10-09,2042,Soap,4,Household,2.99,11.96
10861,2025-09-06,2384,Protein Shake,1,Snacks,3.49,3.49
10862,2025-02-16,2434,Almonds,2,Grocery,5.99,11.98
10863,2025-05-01,2407,Espresso Beans,1,Beverages,12.99,12.99
10864,2025-08-02,2482,Espresso Beans,5,Beverages,12.99,64.95
10865,2025-08-27,2016,Pasta,3,Grocery,2.49,7.470000000000001
10866,2025-02-25,2147,Chocolate Bar,5,Snacks,1.99,9.95
10867,2025-12-16,2276,Soap,3,Household,2.99,8.97
10868,2025-04-17,2231,Green Tea,4,Beverages,6.49,25.96
10869,2025-11-15,2365,Almonds,2,Grocery,5.99,11.98
10870,2025-02-17,2227,Chocolate Bar,4,Snacks,1.99,7.96
10871,2025-03-02,2435,Green Tea,3,Beverages,6.49,19.47
10872,2025-12-03,2398,Honey,3,Grocery,7.99,23.97
10873,2025-01-26,2210,Soap,3,Household,2.99,8.97
10874,2025-10-19,2390,Olive Oil,1,Grocery,9.99,9.99
10875,2025-09-14,2498,Olive Oil,2,Grocery,9.99,19.98
10876,2025-01-08,2539,Soap,4,Household,2.99,11.96
10877,2025-04-23,2562,Pasta,4,Grocery,2.49,9.96
10878,2025-12-21,2490,Pasta,5,Grocery,2.49,12.450000000000001
10879,2025-09-10,2441,Olive Oil,3,Grocery,9.99,29.97
10880,2025-06-29,2260,Protein Shake,3,Snacks,3.49,10.47
10881,2025-07-26,2349,Almonds,3,Grocery,5.99,17.97
10882,2025-10-30,2351,Olive Oil,4,Grocery,9.99,39.96
10883,2025-05-07,2519,Protein Shake,5,Snacks,3.49,17.450000000000003
10884,2025-02-25,2319,Chocolate Bar,1,Snacks,1.99,1.99
10885,2025-08-02,2137,Protein Shake,2,Snacks,3.49,6.98
10886,2025-01-14,2549,Chocolate Bar,1,Snacks,1.99,1.99
10887,2025-01-28,2367,Green Tea,4,Beverages,6.49,25.96
10888,2025-03-19,2219,Granola,3,Snacks,4.29,12.870000000000001
10889,2025-08-04,2336,Green Tea,2,Beverages,6.49,12.98
10890,2025-12-31,2222,Olive Oil,4,Grocery,9.99,39.96
10891,2025-06-03,2359,Chocolate Bar,4,Snacks,1.99,7.96
10892,2025-01-14,2328,Olive Oil,4,Grocery,9.99,39.96
10893,2025-07-06,2462,Soap,2,Household,2.99,5.98
10894,2025-11-08,2560,Almonds,2,Grocery,5.99,11.98
10895,2025-01-07,2381,Espresso Beans,5,Beverages,12.99,64.95
10896,2025-01-03,2589,Olive Oil,5,Grocery,9.99,49.95
10897,2025-04-21,2168,Almonds,1,Grocery,5.99,5.99
10898,2025-08-26,2216,Protein Shake,2,Snacks,3.49,6.98
10899,2025-12-29,2377,Green Tea,2,Beverages,6.49,12.98
10900,2025-08-27,2118,Protein Shake,2,Snacks,3.49,6.98
10901,2025-10-01,2189,Espresso Beans,5,Beverages,12.99,64.95
10902,2025-10-21,2369,Chocolate Bar,4,Snacks,1.99,7.96
10903,2025-08-15,2148,Soap,3,Household,2.99,8.97
10904,2025-01-15,2487,Almonds,5,Grocery,5.99,29.950000000000003
10905,2025-07-11,2373,Soap,2,Household,2.99,5.98
10906,2025-04-29,2159,Granola,5,Snacks,4.29,21.45
10907,2025-01-28,2350,Olive Oil,1,Grocery,9.99,9.99
10908,2025-07-21,2287,Chocolate Bar,2,Snacks,1.99,3.98
10909,2025-02-08,2287,Granola,1,Snacks,4.29,4.29
10910,2025-09-30,2225,Honey,2,Grocery,7.99,15.98
10911,2025-08-19,2522,Olive Oil,5,Grocery,9.99,49.95
10912,2025-03-27,2521,Protein Shake,4,Snacks,3.49,13.96
10913,2025-05-06,2272,Green Tea,3,Beverages,6.49,19.47
10914,2025-10-27,2401,Almonds,1,Grocery,5.99,5.99
10915,2025-01-25,2182,Espresso Beans,5,Beverages,12.99,64.95
10916,2025-05-25,2487,Espresso Beans,4,Beverages,12.99,51.96
10917,2025-01-13,2123,Protein Shake,5,Snacks,3.49,17.450000000000003
10918,2025-07-31,2413,Pasta,1,Grocery,2.49,2.49
10919,2025-01-25,2171,Espresso Beans,3,Beverages,12.99,38.97
10920,2025-03-09,2287,Almonds,5,Grocery,5.99,29.950000000000003
10921,2025-03-08,2434,Protein Shake,2,Snacks,3.49,6.98
10922,2025-08-21,2112,Chocolate Bar,4,Snacks,1.99,7.96
10923,2025-04-19,2121,Espresso Beans,5,Beverages,12.99,64.95
10924,2025-05-26,2543,Soap,4,Household,2.99,11.96
10925,2025-04-21,2221,Protein Shake,2,Snacks,3.49,6.98
10926,2025-08-16,2038,Almonds,3,Grocery,5.99,17.97
10927,2025-04-21,2496,Soap,3,Household,2.99,8.97
10928,2025-02-03,2232,Olive Oil,2,Grocery,9.99,19.98
10929,2025-04-21,2529,Olive Oil,4,Grocery,9.99,39.96
10930,2025-09-21,2148,Espresso Beans,5,Beverages,12.99,64.95
10931,2025-08-24,2396,Soap,2,Household,2.99,5.98
10932,2025-03-24,2301,Green Tea,1,Beverages,6.49,6.49
10933,2025-02-11,2359,Olive Oil,4,Grocery,9.99,39.96
10934,2025-04-11,2237,Green Tea,3,Beverages,6.49,19.47
10935,2025-01-06,2235,Chocolate Bar,2,Snacks,1.99,3.98
10936,2025-06-29,2202,Protein Shake,3,Snacks,3.49,10.47
10937,2025-10-09,2255,Granola,4,Snacks,4.29,17.16
10938,2025-11-16,2597,Almonds,3,Grocery,5.99,17.97
10939,2025-08-14,2234,Protein Shake,2,Snacks,3.49,6.98
10940,2025-11-11,2344,Almonds,4,Grocery,5.99,23.96
10941,2025-12-31,2533,Soap,1,Household,2.99,2.99
10942,2025-08-17,2465,Chocolate Bar,2,Snacks,1.99,3.98
10943,2025-10-16,2540,Honey,5,Grocery,7.99,39.95
10944,2025-05-30,2212,Espresso Beans,2,Beverages,12.99,25.98
10945,2025-10-04,2462,Almonds,4,Grocery,5.99,23.96
10946,2025-07-17,2435,Almonds,2,Grocery,5.99,11.98
10947,2025-03-11,2282,Soap,1,Household,2.99,2.99
10948,2025-04-22,2561,Green Tea,1,Beverages,6.49,6.49
10949,2025-01-04,2462,Protein Shake,5,Snacks,3.49,17.450000000000003
10950,2025-12-16,2406,Honey,3,Grocery,7.99,23.97
10951,2025-11-27,2087,Pasta,4,Grocery,2.49,9.96
10952,2025-11-14,2043,Espresso Beans,4,Beverages,12.99,51.96
10953,2025-12-16,2460,Granola,3,Snacks,4.29,12.870000000000001
10954,2025-04-05,2277,Pasta,1,Grocery,2.49,2.49
10955,2025-06-01,2420,Protein Shake,1,Snacks,3.49,3.49
10956,2025-11-07,2352,Espresso Beans,2,Beverages,12.99,25.98
10957,2025-05-17,2514,Almonds,5,Grocery,5.99,29.950000000000003
10958,2025-09-04,2018,Granola,5,Snacks,4.29,21.45
10959,2025-08-31,2022,Green Tea,5,Beverages,6.49,32.45
10960,2025-01-31,2412,Honey,2,Grocery,7.99,15.98
10961,2025-02-09,2029,Green Tea,5,Beverages,6.49,32.45
10962,2025-08-17,2107,Chocolate Bar,3,Snacks,1.99,5.97
10963,2025-02-05,2366,Soap,2,Household,2.99,5.98
10964,2025-08-11,2280,Espresso Beans,3,Beverages,12.99,38.97
10965,2025-01-06,2127,Green Tea,2,Beverages,6.49,12.98
10966,2025-11-18,2228,Pasta,5,Grocery,2.49,12.450000000000001
10967,2025-08-08,2110,Soap,3,Household,2.99,8.97
10968,2025-03-16,2135,Green Tea,3,Beverages,6.49,19.47
10969,2025-01-04,2361,Olive Oil,3,Grocery,9.99,29.97
10970,2025-12-01,2185,Chocolate Bar,2,Snacks,1.99,3.98
10971,2025-05-14,2583,Protein Shake,4,Snacks,3.49,13.96
10972,2025-04-28,2128,Honey,5,Grocery,7.99,39.95
10973,2025-04-04,2260,Chocolate Bar,3,Snacks,1.99,5.97
10974,2025-03-03,2514,Soap,4,Household,2.99,11.96
10975,2025-07-13,2448,Olive Oil,5,Grocery,9.99,49.95
10976,2025-12-01,2103,Espresso Beans,5,Beverages,12.99,64.95
10977,2025-07-22,2482,Pasta,3,Grocery,2.49,7.470000000000001
10978,2025-01-26,2223,Honey,3,Grocery,7.99,23.97
10979,2025-06-22,2490,Honey,2,Grocery,7.99,15.98
10980,2025-10-27,2472,Chocolate Bar,4,Snacks,1.99,7.96
10981,2025-05-13,2009,Soap,4,Household,2.99,11.96
10982,2025-11-22,2404,Espresso Beans,3,Beverages,12.99,38.97
10983,2025-04-28,2301,Almonds,5,Grocery,5.99,29.950000000000003
10984,2025-11-20,2230,Olive Oil,3,Grocery,9.99,29.97
10985,2025-10-02,2065,Almonds,5,Grocery,5.99,29.950000000000003
10986,2025-07-31,2111,Pasta,5,Grocery,2.49,12.450000000000001
10987,2025-08-13,2012,Espresso Beans,3,Beverages,12.99,38.97
10988,2025-01-20,2392,Espresso Beans,1,Beverages,12.99,12.99
10989,2025-04-23,2499,Olive Oil,4,Grocery,9.99,39.96
10990,2025-05-20,2597,Granola,5,Snacks,4.29,21.45
10991,2025-02-16,2233,Almonds,5,Grocery,5.99,29.950000000000003
10992,2025-01-01,2313,Green Tea,1,Beverages,6.49,6.49
10993,2025-03-31,2565,Honey,2,Grocery,7.99,15.98
10994,2025-05-22,2011,Granola,1,Snacks,4.29,4.29
10995,2025-11-16,2208,Green Tea,1,Beverages,6.49,6.49
10996,2025-02-07,2013,Soap,5,Household,2.99,14.950000000000001
10997,2025-10-20,2417,Olive Oil,4,Grocery,9.99,39.96
10998,2025-05-19,2436,Soap,1,Household,2.99,2.99
10999,2025-12-22,2376,Honey,2,Grocery,7.99,15.98
11000,2025-11-29,2019,Protein Shake,3,Snacks,3.49,10.47
11001,2025-09-16,2586,Green Tea,1,Beverages,6.49,6.49
11002,2025-06-10,2069,Granola,1,Snacks,4.29,4.29
11003,2025-06-27,2210,Green Tea,2,Beverages,6.49,12.98
11004,2025-01-10,2100,Green Tea,4,Beverages,6.49,25.96
11005,2025-09-18,2131,Olive Oil,1,Grocery,9.99,9.99
11006,2025-05-18,2380,Soap,1,Household,2.99,2.99
11007,2025-06-21,2131,Almonds,4,Grocery,5.99,23.96
11008,2025-01-13,2019,Protein Shake,2,Snacks,3.49,6.98
11009,2025-06-17,2535,Olive Oil,1,Grocery,9.99,9.99
11010,2025-05-10,2226,Pasta,4,Grocery,2.49,9.96
11011,2025-03-25,2153,Olive Oil,1,Grocery,9.99,9.99
11012,2025-11-17,2468,Honey,3,Grocery,7.99,23.97
11013,2025-11-15,2404,Protein Shake,5,Snacks,3.49,17.450000000000003
11014,2025-04-11,2201,Espresso Beans,3,Beverages,12.99,38.97
11015,2025-11-25,2037,Pasta,1,Grocery,2.49,2.49
11016,2025-09-30,2187,Chocolate Bar,2,Snacks,1.99,3.98
11017,2025-09-22,2056,Olive Oil,5,Grocery,9.99,49.95
11018,2025-02-07,2019,Green Tea,3,Beverages,6.49,19.47
11019,2025-04-04,2272,Almonds,4,Grocery,5.99,23.96
11020,2025-04-05,2118,Espresso Beans,2,Beverages,12.99,25.98
11021,2025-11-01,2582,Olive Oil,3,Grocery,9.99,29.97
11022,2025-03-10,2515,Olive Oil,4,Grocery,9.99,39.96
11023,2025-11-14,2220,Granola,1,Snacks,4.29,4.29
11024,2025-08-24,2525,Granola,4,Snacks,4.29,17.16
11025,2025-11-30,2514,Espresso Beans,3,Beverages,12.99,38.97
11026,2025-05-17,2335,Soap,3,Household,2.99,8.97
11027,2025-03-17,2054,Granola,1,Snacks,4.29,4.29
11028,2025-02-04,2499,Green Tea,4,Beverages,6.49,25.96
11029,2025-01-01,2535,Pasta,4,Grocery,2.49,9.96
11030,2025-10-23,2161,Chocolate Bar,1,Snacks,1.99,1.99
11031,2025-11-16,2593,Protein Shake,4,Snacks,3.49,13.96
11032,2025-03-01,2158,Chocolate Bar,1,Snacks,1.99,1.99
11033,2025-11-16,2187,Chocolate Bar,2,Snacks,1.99,3.98
11034,2025-12-15,2059,Protein Shake,3,Snacks,3.49,10.47
11035,2025-11-24,2318,Granola,2,Snacks,4.29,8.58
11036,2025-09-24,2210,Espresso Beans,5,Beverages,12.99,64.95
11037,2025-12-27,2405,Protein Shake,5,Snacks,3.49,17.450000000000003
11038,2025-08-17,2108,Honey,5,Grocery,7.99,39.95
11039,2025-09-27,2075,Soap,1,Household,2.99,2.99
11040,2025-11-12,2541,Pasta,4,Grocery,2.49,9.96
11041,2025-10-13,2313,Almonds,2,Grocery,5.99,11.98
11042,2025-10-18,2116,Granola,2,Snacks,4.29,8.58
11043,2025-08-01,2018,Soap,2,Household,2.99,5.98
11044,2025-06-14,2431,Protein Shake,2,Snacks,3.49,6.98
11045,2025-01-05,2349,Honey,5,Grocery,7.99,39.95
11046,2025-12-05,2182,Almonds,2,Grocery,5.99,11.98
11047,2025-03-19,2112,Pasta,4,Grocery,2.49,9.96
11048,2025-03-03,2182,Pasta,5,Grocery,2.49,12.450000000000001
11049,2025-05-12,2480,Granola,2,Snacks,4.29,8.58
11050,2025-03-30,2145,Protein Shake,1,Snacks,3.49,3.49
11051,2025-08-25,2112,Soap,3,Household,2.99,8.97
11052,2025-02-11,2475,Espresso Beans,3,Beverages,12.99,38.97
11053,2025-03-30,2302,Soap,3,Household,2.99,8.97
11054,2025-10-23,2117,Soap,5,Household,2.99,14.950000000000001
11055,2025-11-24,2160,Pasta,2,Grocery,2.49,4.98
11056,2025-10-22,2400,Espresso Beans,5,Beverages,12.99,64.95
11057,2025-04-14,2197,Espresso Beans,4,Beverages,12.99,51.96
11058,2025-01-14,2259,Granola,1,Snacks,4.29,4.29
11059,2025-10-15,2046,Almonds,1,Grocery,5.99,5.99
11060,2025-06-28,2398,Olive Oil,3,Grocery,9.99,29.97
11061,2025-05-05,2558,Chocolate Bar,3,Snacks,1.99,5.97
11062,2025-12-19,2077,Chocolate Bar,3,Snacks,1.99,5.97
11063,2025-01-23,2123,Pasta,2,Grocery,2.49,4.98
11064,2025-03-04,2074,Olive Oil,4,Grocery,9.99,39.96
11065,2025-05-23,2136,Almonds,4,Grocery,5.99,23.96
11066,2025-06-02,2399,Olive Oil,4,Grocery,9.99,39.96
11067,2025-05-25,2504,Granola,4,Snacks,4.29,17.16
11068,2025-08-13,2499,Soap,3,Household,2.99,8.97
11069,2025-11-05,2572,Pasta,1,Grocery,2.49,2.49
11070,2025-04-14,2137,Espresso Beans,3,Beverages,12.99,38.97
11071,2025-04-14,2049,Pasta,4,Grocery,2.49,9.96
11072,2025-02-08,2253,Chocolate Bar,3,Snacks,1.99,5.97
11073,2025-07-17,2562,Almonds,4,Grocery,5.99,23.96
11074,2025-05-14,2425,Olive Oil,5,Grocery,9.99,49.95
11075,2025-03-08,2546,Almonds,1,Grocery,5.99,5.99
11076,2025-06-28,2301,Granola,5,Snacks,4.29,21.45
11077,2025-02-11,2580,Pasta,2,Grocery,2.49,4.98
11078,2025-01-15,2348,Protein Shake,3,Snacks,3.49,10.47
11079,2025-04-21,2048,Pasta,2,Grocery,2.49,4.98
11080,2025-06-06,2073,Espresso Beans,3,Beverages,12.99,38.97
11081,2025-10-16,2260,Pasta,5,Grocery,2.49,12.450000000000001
11082,2025-08-19,2355,Honey,4,Grocery,7.99,31.96
11083,2025-06-06,2581,Granola,4,Snacks,4.29,17.16
11084,2025-02-07,2259,Green Tea,3,Beverages,6.49,19.47
11085,2025-04-07,2294,Granola,4,Snacks,4.29,17.16
11086,2025-10-16,2312,Olive Oil,5,Grocery,9.99,49.95
11087,2025-09-11,2181,Green Tea,4,Beverages,6.49,25.96
11088,2025-07-15,2363,Olive Oil,5,Grocery,9.99,49.95
11089,2025-03-27,2187,Olive Oil,2,Grocery,9.99,19.98
11090,2025-11-18,2568,Espresso Beans,5,Beverages,12.99,64.95
11091,2025-01-10,2542,Espresso Beans,1,Beverages,12.99,12.99
11092,2025-01-05,2595,Soap,1,Household,2.99,2.99
11093,2025-05-03,2547,Chocolate Bar,1,Snacks,1.99,1.99
11094,2025-11-26,2407,Soap,3,Household,2.99,8.97
11095,2025-12-19,2413,Soap,3,Household,2.99,8.97
11096,2025-04-28,2341,Chocolate Bar,3,Snacks,1.99,5.97
11097,2025-10-21,2219,Protein Shake,5,Snacks,3.49,17.450000000000003
11098,2025-06-08,2162,Green Tea,3,Beverages,6.49,19.47
11099,2025-10-30,2219,Almonds,2,Grocery,5.99,11.98
11100,2025-08-16,2269,Soap,1,Household,2.99,2.99
11101,2025-12-31,2399,Pasta,5,Grocery,2.49,12.450000000000001
11102,2025-08-04,2181,Pasta,1,Grocery,2.49,2.49
11103,2025-07-03,2204,Olive Oil,3,Grocery,9.99,29.97
11104,2025-01-15,2581,Chocolate Bar,5,Snacks,1.99,9.95
11105,2025-06-06,2555,Olive Oil,4,Grocery,9.99,39.96
11106,2025-05-16,2227,Honey,2,Grocery,7.99,15.98
11107,2025-09-18,2595,Honey,3,Grocery,7.99,23.97
11108,2025-06-06,2249,Almonds,3,Grocery,5.99,17.97
11109,2025-02-16,2440,Espresso Beans,2,Beverages,12.99,25.98
11110,2025-11-20,2532,Espresso Beans,2,Beverages,12.99,25.98
11111,2025-11-28,2195,Chocolate Bar,4,Snacks,1.99,7.96
11112,2025-06-22,2518,Chocolate Bar,3,Snacks,1.99,5.97
11113,2025-05-10,2069,Soap,3,Household,2.99,8.97
11114,2025-04-05,2398,Honey,1,Grocery,7.99,7.99
11115,2025-04-25,2202,Soap,5,Household,2.99,14.950000000000001
11116,2025-08-31,2147,Espresso Beans,5,Beverages,12.99,64.95
11117,2025-10-19,2471,Green Tea,1,Beverages,6.49,6.49
11118,2025-10-09,2198,Green Tea,5,Beverages,6.49,32.45
11119,2025-10-26,2425,Chocolate Bar,2,Snacks,1.99,3.98
11120,2025-10-10,2491,Olive Oil,5,Grocery,9.99,49.95
11121,2025-03-10,2141,Espresso Beans,5,Beverages,12.99,64.95
11122,2025-05-28,2312,Green Tea,1,Beverages,6.49,6.49
11123,2025-01-11,2164,Espresso Beans,4,Beverages,12.99,51.96
11124,2025-09-11,2313,Granola,5,Snacks,4.29,21.45
11125,2025-11-26,2020,Pasta,5,Grocery,2.49,12.450000000000001
11126,2025-12-26,2081,Honey,4,Grocery,7.99,31.96
11127,2025-02-07,2580,Soap,1,Household,2.99,2.99
11128,2025-05-14,2130,Espresso Beans,4,Beverages,12.99,51.96
11129,2025-07-19,2598,Pasta,1,Grocery,2.49,2.49
11130,2025-01-23,2304,Granola,2,Snacks,4.29,8.58
11131,2025-10-30,2370,Soap,1,Household,2.99,2.99
11132,2025-12-12,2383,Espresso Beans,2,Beverages,12.99,25.98
11133,2025-10-29,2444,Chocolate Bar,2,Snacks,1.99,3.98
11134,2025-12-29,2424,Pasta,1,Grocery,2.49,2.49
11135,2025-08-06,2160,Soap,3,Household,2.99,8.97
11136,2025-05-21,2177,Espresso Beans,1,Beverages,12.99,12.99
11137,2025-04-14,2489,Pasta,5,Grocery,2.49,12.450000000000001
11138,2025-07-29,2326,Granola,5,Snacks,4.29,21.45
11139,2025-04-21,2597,Espresso Beans,3,Beverages,12.99,38.97
11140,2025-04-14,2288,Espresso Beans,2,Beverages,12.99,25.98
11141,2025-11-12,2592,Espresso Beans,3,Beverages,12.99,38.97
11142,2025-06-20,2572,Almonds,5,Grocery,5.99,29.950000000000003
11143,2025-12-22,2572,Chocolate Bar,3,Snacks,1.99,5.97
11144,2025-11-20,2353,Granola,1,Snacks,4.29,4.29
11145,2025-05-13,2027,Soap,3,Household,2.99,8.97
11146,2025-10-20,2042,Almonds,2,Grocery,5.99,11.98
11147,2025-11-24,2422,Olive Oil,1,Grocery,9.99,9.99
11148,2025-05-07,2597,Almonds,4,Grocery,5.99,23.96
11149,2025-04-16,2176,Honey,5,Grocery,7.99,39.95
11150,2025-04-02,2528,Honey,5,Grocery,7.99,39.95
11151,2025-10-14,2493,Espresso Beans,3,Beverages,12.99,38.97
11152,2025-02-20,2197,Almonds,1,Grocery,5.99,5.99
11153,2025-01-29,2576,Olive Oil,4,Grocery,9.99,39.96
11154,2025-10-23,2516,Almonds,1,Grocery,5.99,5.99
11155,2025-10-24,2513,Chocolate Bar,5,Snacks,1.99,9.95
11156,2025-08-02,2021,Chocolate Bar,1,Snacks,1.99,1.99
11157,2025-09-24,2111,Olive Oil,4,Grocery,9.99,39.96
11158,2025-09-14,2056,Almonds,3,Grocery,5.99,17.97
11159,2025-10-29,2065,Pasta,2,Grocery,2.49,4.98
11160,2025-04-11,2097,Chocolate Bar,1,Snacks,1.99,1.99
11161,2025-12-12,2143,Chocolate Bar,2,Snacks,1.99,3.98
11162,2025-04-20,2434,Green Tea,5,Beverages,6.49,32.45
11163,2025-07-01,2085,Almonds,3,Grocery,5.99,17.97
11164,2025-11-09,2587,Chocolate Bar,3,Snacks,1.99,5.97
11165,2025-01-01,2343,Granola,1,Snacks,4.29,4.29
11166,2025-11-15,2293,Almonds,3,Grocery,5.99,17.97
11167,2025-02-24,2570,Honey,1,Grocery,7.99,7.99
11168,2025-05-29,2242,Green Tea,1,Beverages,6.49,6.49
11169,2025-11-05,2560,Chocolate Bar,2,Snacks,1.99,3.98
11170,2025-05-17,2031,Green Tea,3,Beverages,6.49,19.47
11171,2025-07-21,2390,Honey,1,Grocery,7.99,7.99
11172,2025-11-09,2276,Olive Oil,2,Grocery,9.99,19.98
11173,2025-04-27,2531,Olive Oil,4,Grocery,9.99,39.96
11174,2025-06-03,2153,Almonds,2,Grocery,5.99,11.98
11175,2025-10-18,2382,Honey,2,Grocery,7.99,15.98
11176,2025-03-04,2067,Protein Shake,1,Snacks,3.49,3.49
11177,2025-09-01,2213,Protein Shake,5,Snacks,3.49,17.450000000000003
11178,2025-01-25,2375,Almonds,5,Grocery,5.99,29.950000000000003
11179,2025-03-31,2212,Espresso Beans,5,Beverages,12.99,64.95
11180,2025-03-16,2078,Green Tea,2,Beverages,6.49,12.98
11181,2025-10-21,2380,Green Tea,1,Beverages,6.49,6.49
11182,2025-07-29,2057,Olive Oil,3,Grocery,9.99,29.97
11183,2025-12-13,2025,Protein Shake,2,Snacks,3.49,6.98
11184,2025-01-17,2446,Soap,2,Household,2.99,5.98
11185,2025-05-08,2065,Chocolate Bar,1,Snacks,1.99,1.99
11186,2025-12-30,2253,Chocolate Bar,4,Snacks,1.99,7.96
11187,2025-09-08,2043,Chocolate Bar,2,Snacks,1.99,3.98
11188,2025-06-28,2096,Olive Oil,4,Grocery,9.99,39.96
11189,2025-07-01,2553,Honey,4,Grocery,7.99,31.96
11190,2025-06-01,2226,Pasta,5,Grocery,2.49,12.450000000000001
11191,2025-01-25,2435,Protein Shake,1,Snacks,3.49,3.49
11192,2025-06-29,2378,Protein Shake,4,Snacks,3.49,13.96
11193,2025-07-17,2177,Soap,1,Household,2.99,2.99
11194,2025-12-10,2426,Green Tea,5,Beverages,6.49,32.45
11195,2025-06-10,2306,Espresso Beans,1,Beverages,12.99,12.99
11196,2025-06-26,2503,Almonds,2,Grocery,5.99,11.98
11197,2025-10-12,2267,Green Tea,4,Beverages,6.49,25.96
11198,2025-03-04,2585,Honey,1,Grocery,7.99,7.99
11199,2025-05-30,2007,Almonds,3,Grocery,5.99,17.97
11200,2025-06-03,2507,Protein Shake,1,Snacks,3.49,3.49
11201,2025-06-05,2475,Honey,4,Grocery,7.99,31.96
11202,2025-02-18,2296,Almonds,5,Grocery,5.99,29.950000000000003
11203,2025-12-03,2163,Soap,5,Household,2.99,14.950000000000001
11204,2025-03-25,2484,Soap,4,Household,2.99,11.96
11205,2025-12-27,2596,Granola,2,Snacks,4.29,8.58
11206,2025-06-26,2071,Pasta,2,Grocery,2.49,4.98
11207,2025-05-28,2566,Soap,5,Household,2.99,14.950000000000001
11208,2025-04-28,2558,Protein Shake,5,Snacks,3.49,17.450000000000003
11209,2025-12-08,2237,Espresso Beans,4,Beverages,12.99,51.96
11210,2025-03-04,2103,Chocolate Bar,2,Snacks,1.99,3.98
11211,2025-07-08,2209,Granola,5,Snacks,4.29,21.45
11212,2025-12-26,2553,Chocolate Bar,2,Snacks,1.99,3.98
11213,2025-02-18,2467,Pasta,5,Grocery,2.49,12.450000000000001
11214,2025-11-23,2453,Almonds,1,Grocery,5.99,5.99
11215,2025-09-14,2267,Olive Oil,3,Grocery,9.99,29.97
11216,2025-08-12,2385,Soap,1,Household,2.99,2.99
11217,2025-05-21,2386,Espresso Beans,5,Beverages,12.99,64.95
11218,2025-08-03,2258,Pasta,3,Grocery,2.49,7.470000000000001
11219,2025-07-30,2282,Chocolate Bar,3,Snacks,1.99,5.97
11220,2025-11-14,2039,Granola,5,Snacks,4.29,21.45
11221,2025-02-01,2485,Soap,5,Household,2.99,14.950000000000001
11222,2025-06-07,2219,Protein Shake,2,Snacks,3.49,6.98
11223,2025-10-12,2128,Soap,5,Household,2.99,14.950000000000001
11224,2025-11-01,2519,Granola,4,Snacks,4.29,17.16
11225,2025-10-13,2259,Granola,5,Snacks,4.29,21.45
11226,2025-05-24,2365,Olive Oil,4,Grocery,9.99,39.96
11227,2025-01-19,2543,Soap,5,Household,2.99,14.950000000000001
11228,2025-01-18,2523,Soap,2,Household,2.99,5.98
11229,2025-09-14,2015,Olive Oil,4,Grocery,9.99,39.96
11230,2025-03-19,2128,Honey,1,Grocery,7.99,7.99
11231,2025-06-24,2574,Honey,4,Grocery,7.99,31.96
11232,2025-07-13,2108,Almonds,2,Grocery,5.99,11.98
11233,2025-04-23,2532,Honey,4,Grocery,7.99,31.96
11234,2025-04-24,2268,Green Tea,5,Beverages,6.49,32.45
11235,2025-08-10,2161,Soap,5,Household,2.99,14.950000000000001
11236,2025-06-15,2259,Espresso Beans,2,Beverages,12.99,25.98
11237,2025-11-15,2101,Soap,3,Household,2.99,8.97
11238,2025-05-12,2505,Green Tea,5,Beverages,6.49,32.45
11239,2025-09-21,2570,Green Tea,1,Beverages,6.49,6.49
11240,2025-02-24,2246,Chocolate Bar,2,Snacks,1.99,3.98
11241,2025-12-25,2536,Soap,4,Household,2.99,11.96
11242,2025-05-11,2130,Pasta,4,Grocery,2.49,9.96
11243,2025-10-15,2352,Green Tea,1,Beverages,6.49,6.49
11244,2025-09-23,2195,Espresso Beans,5,Beverages,12.99,64.95
11245,2025-06-11,2381,Olive Oil,2,Grocery,9.99,19.98
11246,2025-03-28,2226,Almonds,1,Grocery,5.99,5.99
11247,2025-02-24,2475,Chocolate Bar,5,Snacks,1.99,9.95
11248,2025-10-15,2476,Olive Oil,2,Grocery,9.99,19.98
11249,2025-06-27,2264,Chocolate Bar,4,Snacks,1.99,7.96
11250,2025-12-15,2371,Espresso Beans,2,Beverages,12.99,25.98
11251,2025-01-08,2485,Granola,3,Snacks,4.29,12.870000000000001
11252,2025-11-17,2433,Soap,2,Household,2.99,5.98
11253,2025-11-09,2210,Protein Shake,3,Snacks,3.49,10.47
11254,2025-09-04,2571,Pasta,2,Grocery,2.49,4.98
11255,2025-11-19,2376,Olive Oil,3,Grocery,9.99,29.97
11256,2025-09-12,2394,Soap,4,Household,2.99,11.96
11257,2025-11-24,2449,Pasta,5,Grocery,2.49,12.450000000000001
11258,2025-02-23,2363,Granola,3,Snacks,4.29,12.870000000000001
11259,2025-09-06,2456,Protein Shake,3,Snacks,3.49,10.47
11260,2025-08-27,2225,Pasta,4,Grocery,2.49,9.96
11261,2025-08-17,2130,Pasta,3,Grocery,2.49,7.470000000000001
11262,2025-03-08,2587,Olive Oil,1,Grocery,9.99,9.99
11263,2025-02-20,2475,Honey,4,Grocery,7.99,31.96
11264,2025-04-07,2276,Protein Shake,1,Snacks,3.49,3.49
11265,2025-04-02,2155,Soap,4,Household,2.99,11.96
11266,2025-09-21,2217,Granola,3,Snacks,4.29,12.870000000000001
11267,2025-10-18,2189,Protein Shake,1,Snacks,3.49,3.49
11268,2025-04-06,2416,Espresso Beans,3,Beverages,12.99,38.97
11269,2025-03-29,2545,Honey,4,Grocery,7.99,31.96
11270,2025-03-19,2040,Espresso Beans,3,Beverages,12.99,38.97
11271,2025-10-15,2306,Granola,1,Snacks,4.29,4.29
11272,2025-04-30,2337,Olive Oil,1,Grocery,9.99,9.99
11273,2025-10-29,2313,Olive Oil,3,Grocery,9.99,29.97
11274,2025-06-14,2074,Granola,2,Snacks,4.29,8.58
11275,2025-07-01,2278,Chocolate Bar,4,Snacks,1.99,7.96
11276,2025-08-11,2175,Granola,4,Snacks,4.29,17.16
11277,2025-11-07,2272,Honey,3,Grocery,7.99,23.97
11278,2025-01-07,2288,Green Tea,2,Beverages,6.49,12.98
11279,2025-11-26,2271,Olive Oil,1,Grocery,9.99,9.99
11280,2025-09-20,2065,Almonds,5,Grocery,5.99,29.950000000000003
11281,2025-06-10,2482,Honey,5,Grocery,7.99,39.95
11282,2025-05-31,2247,Honey,3,Grocery,7.99,23.97
11283,2025-03-26,2155,Honey,2,Grocery,7.99,15.98
11284,2025-05-27,2046,Pasta,2,Grocery,2.49,4.98
11285,2025-04-22,2453,Honey,4,Grocery,7.99,31.96
11286,2025-02-05,2200,Olive Oil,1,Grocery,9.99,9.99
11287,2025-10-12,2123,Green Tea,2,Beverages,6.49,12.98
11288,2025-07-07,2000,Green Tea,5,Beverages,6.49,32.45
11289,2025-03-23,2190,Honey,1,Grocery,7.99,7.99
11290,2025-01-02,2578,Espresso Beans,1,Beverages,12.99,12.99
11291,2025-10-30,2515,Olive Oil,3,Grocery,9.99,29.97
11292,2025-07-16,2441,Olive Oil,2,Grocery,9.99,19.98
11293,2025-01-11,2142,Protein Shake,3,Snacks,3.49,10.47
11294,2025-08-22,2190,Soap,2,Household,2.99,5.98
11295,2025-07-14,2532,Chocolate Bar,4,Snacks,1.99,7.96
11296,2025-04-29,2226,Chocolate Bar,3,Snacks,1.99,5.97
11297,2025-01-20,2312,Espresso Beans,3,Beverages,12.99,38.97
11298,2025-09-18,2301,Chocolate Bar,5,Snacks,1.99,9.95
11299,2025-10-20,2459,Protein Shake,3,Snacks,3.49,10.47
11300,2025-09-13,2400,Granola,2,Snacks,4.29,8.58
11301,2025-08-10,2550,Chocolate Bar,5,Snacks,1.99,9.95
11302,2025-08-14,2392,Olive Oil,3,Grocery,9.99,29.97
11303,2025-02-22,2206,Granola,3,Snacks,4.29,12.870000000000001
11304,2025-12-21,2209,Chocolate Bar,4,Snacks,1.99,7.96
11305,2025-12-08,2114,Olive Oil,3,Grocery,9.99,29.97
11306,2025-12-30,2250,Olive Oil,1,Grocery,9.99,9.99
11307,2025-10-07,2218,Honey,5,Grocery,7.99,39.95
11308,2025-03-22,2406,Green Tea,1,Beverages,6.49,6.49
11309,2025-07-21,2442,Espresso Beans,5,Beverages,12.99,64.95
11310,2025-06-07,2353,Protein Shake,4,Snacks,3.49,13.96
11311,2025-04-30,2557,Pasta,3,Grocery,2.49,7.470000000000001
11312,2025-02-28,2549,Soap,3,Household,2.99,8.97
11313,2025-08-03,2141,Chocolate Bar,3,Snacks,1.99,5.97
11314,2025-05-08,2500,Chocolate Bar,5,Snacks,1.99,9.95
11315,2025-08-12,2546,Granola,3,Snacks,4.29,12.870000000000001
11316,2025-07-28,2541,Granola,1,Snacks,4.29,4.29
11317,2025-04-25,2506,Soap,3,Household,2.99,8.97
11318,2025-07-28,2595,Chocolate Bar,4,Snacks,1.99,7.96
11319,2025-01-14,2280,Almonds,1,Grocery,5.99,5.99
11320,2025-01-09,2423,Protein Shake,3,Snacks,3.49,10.47
11321,2025-02-09,2269,Chocolate Bar,3,Snacks,1.99,5.97
11322,2025-08-25,2153,Green Tea,2,Beverages,6.49,12.98
11323,2025-10-08,2082,Soap,5,Household,2.99,14.950000000000001
11324,2025-12-25,2425,Almonds,1,Grocery,5.99,5.99
11325,2025-07-20,2274,Protein Shake,2,Snacks,3.49,6.98
11326,2025-09-03,2283,Chocolate Bar,4,Snacks,1.99,7.96
11327,2025-10-05,2172,Pasta,5,Grocery,2.49,12.450000000000001
11328,2025-08-23,2326,Honey,1,Grocery,7.99,7.99
11329,2025-01-04,2062,Green Tea,3,Beverages,6.49,19.47
11330,2025-06-03,2072,Pasta,1,Grocery,2.49,2.49
11331,2025-01-29,2374,Granola,3,Snacks,4.29,12.870000000000001
11332,2025-04-19,2507,Granola,5,Snacks,4.29,21.45
11333,2025-04-08,2397,Chocolate Bar,3,Snacks,1.99,5.97
11334,2025-08-03,2119,Granola,4,Snacks,4.29,17.16
11335,2025-10-20,2436,Green Tea,3,Beverages,6.49,19.47
11336,2025-03-16,2464,Protein Shake,4,Snacks,3.49,13.96
11337,2025-11-22,2285,Olive Oil,5,Grocery,9.99,49.95
11338,2025-05-26,2264,Espresso Beans,5,Beverages,12.99,64.95
11339,2025-05-08,2319,Soap,1,Household,2.99,2.99
11340,2025-12-07,2375,Protein Shake,4,Snacks,3.49,13.96
11341,2025-02-11,2088,Olive Oil,4,Grocery,9.99,39.96
11342,2025-12-22,2202,Almonds,2,Grocery,5.99,11.98
11343,2025-02-10,2333,Green Tea,2,Beverages,6.49,12.98
11344,2025-02-03,2221,Pasta,2,Grocery,2.49,4.98
11345,2025-01-17,2040,Olive Oil,3,Grocery,9.99,29.97
11346,2025-06-14,2067,Green Tea,2,Beverages,6.49,12.98
11347,2025-06-02,2513,Honey,4,Grocery,7.99,31.96
11348,2025-03-17,2597,Pasta,3,Grocery,2.49,7.470000000000001
11349,2025-03-28,2126,Granola,5,Snacks,4.29,21.45
11350,2025-04-27,2254,Granola,1,Snacks,4.29,4.29
11351,2025-12-28,2015,Pasta,2,Grocery,2.49,4.98
11352,2025-12-08,2476,Almonds,5,Grocery,5.99,29.950000000000003
11353,2025-01-27,2061,Almonds,4,Grocery,5.99,23.96
11354,2025-11-09,2431,Almonds,1,Grocery,5.99,5.99
11355,2025-10-14,2267,Olive Oil,5,Grocery,9.99,49.95
11356,2025-05-14,2034,Soap,1,Household,2.99,2.99
11357,2025-08-07,2575,Olive Oil,2,Grocery,9.99,19.98
11358,2025-06-17,2493,Chocolate Bar,4,Snacks,1.99,7.96
11359,2025-04-08,2561,Espresso Beans,1,Beverages,12.99,12.99
11360,2025-09-25,2468,Pasta,5,Grocery,2.49,12.450000000000001
11361,2025-08-25,2324,Protein Shake,2,Snacks,3.49,6.98
11362,2025-11-05,2303,Espresso Beans,2,Beverages,12.99,25.98
11363,2025-06-22,2275,Honey,5,Grocery,7.99,39.95
11364,2025-07-09,2200,Olive Oil,5,Grocery,9.99,49.95
11365,2025-05-02,2444,Olive Oil,1,Grocery,9.99,9.99
11366,2025-02-15,2323,Green Tea,3,Beverages,6.49,19.47
11367,2025-03-05,2034,Espresso Beans,2,Beverages,12.99,25.98
11368,2025-05-10,2481,Green Tea,1,Beverages,6.49,6.49
11369,2025-11-06,2479,Protein Shake,5,Snacks,3.49,17.450000000000003
11370,2025-12-29,2064,Green Tea,1,Beverages,6.49,6.49
11371,2025-07-12,2007,Espresso Beans,5,Beverages,12.99,64.95
11372,2025-11-03,2300,Pasta,4,Grocery,2.49,9.96
11373,2025-06-30,2342,Honey,5,Grocery,7.99,39.95
11374,2025-10-19,2430,Olive Oil,5,Grocery,9.99,49.95
11375,2025-10-09,2423,Protein Shake,5,Snacks,3.49,17.450000000000003
11376,2025-01-29,2331,Olive Oil,3,Grocery,9.99,29.97
11377,2025-05-29,2437,Chocolate Bar,5,Snacks,1.99,9.95
11378,2025-09-24,2587,Honey,2,Grocery,7.99,15.98
11379,2025-10-23,2173,Soap,2,Household,2.99,5.98
11380,2025-01-11,2558,Green Tea,1,Beverages,6.49,6.49
11381,2025-06-13,2526,Granola,3,Snacks,4.29,12.870000000000001
11382,2025-04-23,2025,Espresso Beans,1,Beverages,12.99,12.99
11383,2025-07-06,2405,Olive Oil,2,Grocery,9.99,19.98
11384,2025-10-22,2231,Green Tea,2,Beverages,6.49,12.98
11385,2025-08-20,2532,Protein Shake,4,Snacks,3.49,13.96
11386,2025-08-15,2549,Olive Oil,5,Grocery,9.99,49.95
11387,2025-11-06,2504,Soap,2,Household,2.99,5.98
11388,2025-04-08,2178,Honey,1,Grocery,7.99,7.99
11389,2025-02-24,2131,Honey,1,Grocery,7.99,7.99
11390,2025-04-21,2454,Olive Oil,5,Grocery,9.99,49.95
11391,2025-06-01,2347,Protein Shake,5,Snacks,3.49,17.450000000000003
11392,2025-09-03,2539,Honey,4,Grocery,7.99,31.96
11393,2025-03-10,2405,Honey,3,Grocery,7.99,23.97
11394,2025-11-08,2075,Soap,1,Household,2.99,2.99
11395,2025-10-16,2578,Espresso Beans,5,Beverages,12.99,64.95
11396,2025-09-07,2491,Protein Shake,1,Snacks,3.49,3.49
11397,2025-02-05,2193,Protein Shake,5,Snacks,3.49,17.450000000000003
11398,2025-08-27,2161,Pasta,2,Grocery,2.49,4.98
11399,2025-05-28,2346,Pasta,1,Grocery,2.49,2.49
11400,2025-08-15,2360,Honey,2,Grocery,7.99,15.98
11401,2025-09-01,2583,Granola,1,Snacks,4.29,4.29
11402,2025-12-03,2086,Pasta,3,Grocery,2.49,7.470000000000001
11403,2025-12-31,2261,Honey,4,Grocery,7.99,31.96
11404,2025-07-20,2213,Almonds,2,Grocery,5.99,11.98
11405,2025-06-03,2572,Chocolate Bar,5,Snacks,1.99,9.95
11406,2025-03-14,2261,Chocolate Bar,3,Snacks,1.99,5.97
11407,2025-07-20,2282,Protein Shake,1,Snacks,3.49,3.49
11408,2025-10-23,2466,Granola,2,Snacks,4.29,8.58
11409,2025-01-17,2379,Soap,1,Household,2.99,2.99
11410,2025-05-09,2361,Espresso Beans,1,Beverages,12.99,12.99
11411,2025-08-05,2448,Pasta,1,Grocery,2.49,2.49
11412,2025-03-02,2440,Almonds,4,Grocery,5.99,23.96
11413,2025-04-14,2092,Honey,4,Grocery,7.99,31.96
11414,2025-02-11,2423,Granola,5,Snacks,4.29,21.45
11415,2025-01-25,2141,Protein Shake,2,Snacks,3.49,6.98
11416,2025-02-08,2290,Pasta,3,Grocery,2.49,7.470000000000001
11417,2025-10-18,2431,Granola,3,Snacks,4.29,12.870000000000001
11418,2025-05-11,2048,Pasta,3,Grocery,2.49,7.470000000000001
11419,2025-08-17,2301,Espresso Beans,1,Beverages,12.99,12.99
11420,2025-04-18,2189,Espresso Beans,4,Beverages,12.99,51.96
11421,2025-06-21,2135,Soap,2,Household,2.99,5.98
11422,2025-04-12,2554,Chocolate Bar,1,Snacks,1.99,1.99
11423,2025-12-20,2403,Green Tea,4,Beverages,6.49,25.96
11424,2025-01-12,2340,Green Tea,4,Beverages,6.49,25.96
11425,2025-10-02,2317,Pasta,2,Grocery,2.49,4.98
11426,2025-04-11,2362,Soap,2,Household,2.99,5.98
11427,2025-02-13,2381,Green Tea,2,Beverages,6.49,12.98
11428,2025-11-01,2232,Protein Shake,1,Snacks,3.49,3.49
11429,2025-01-17,2343,Green Tea,5,Beverages,6.49,32.45
11430,2025-11-26,2548,Olive Oil,2,Grocery,9.99,19.98
11431,2025-02-26,2552,Honey,5,Grocery,7.99,39.95
11432,2025-11-07,2528,Soap,1,Household,2.99,2.99
11433,2025-10-30,2570,Protein Shake,5,Snacks,3.49,17.450000000000003
11434,2025-01-12,2182,Granola,3,Snacks,4.29,12.870000000000001
11435,2025-11-14,2040,Protein Shake,5,Snacks,3.49,17.450000000000003
11436,2025-03-21,2550,Chocolate Bar,2,Snacks,1.99,3.98
11437,2025-08-04,2396,Granola,1,Snacks,4.29,4.29
11438,2025-12-05,2493,Almonds,2,Grocery,5.99,11.98
11439,2025-09-21,2332,Honey,3,Grocery,7.99,23.97
11440,2025-05-29,2126,Honey,2,Grocery,7.99,15.98
11441,2025-03-22,2557,Honey,2,Grocery,7.99,15.98
11442,2025-08-03,2556,Honey,2,Grocery,7.99,15.98
11443,2025-07-17,2000,Pasta,4,Grocery,2.49,9.96
11444,2025-07-19,2167,Honey,3,Grocery,7.99,23.97
11445,2025-01-25,2018,Honey,2,Grocery,7.99,15.98
11446,2025-03-30,2331,Honey,2,Grocery,7.99,15.98
11447,2025-09-25,2583,Soap,2,Household,2.99,5.98
11448,2025-05-23,2455,Pasta,1,Grocery,2.49,2.49
11449,2025-02-28,2108,Espresso Beans,4,Beverages,12.99,51.96
11450,2025-12-31,2267,Protein Shake,1,Snacks,3.49,3.49
11451,2025-01-26,2444,Protein Shake,4,Snacks,3.49,13.96
11452,2025-02-16,2239,Granola,2,Snacks,4.29,8.58
11453,2025-10-15,2300,Soap,3,Household,2.99,8.97
11454,2025-09-23,2102,Olive Oil,5,Grocery,9.99,49.95
11455,2025-01-16,2249,Protein Shake,5,Snacks,3.49,17.450000000000003
11456,2025-07-18,2452,Green Tea,2,Beverages,6.49,12.98
11457,2025-10-09,2519,Olive Oil,1,Grocery,9.99,9.99
11458,2025-03-27,2152,Honey,3,Grocery,7.99,23.97
11459,2025-09-07,2173,Honey,4,Grocery,7.99,31.96
11460,2025-09-27,2342,Pasta,2,Grocery,2.49,4.98
11461,2025-12-01,2430,Olive Oil,3,Grocery,9.99,29.97
11462,2025-04-27,2323,Green Tea,3,Beverages,6.49,19.47
11463,2025-01-07,2419,Pasta,4,Grocery,2.49,9.96
11464,2025-05-17,2593,Granola,3,Snacks,4.29,12.870000000000001
11465,2025-06-25,2484,Olive Oil,1,Grocery,9.99,9.99
11466,2025-11-24,2411,Soap,1,Household,2.99,2.99
11467,2025-11-11,2083,Honey,1,Grocery,7.99,7.99
11468,2025-08-03,2112,Honey,3,Grocery,7.99,23.97
11469,2025-03-23,2331,Chocolate Bar,1,Snacks,1.99,1.99
11470,2025-08-11,2377,Pasta,4,Grocery,2.49,9.96
11471,2025-04-13,2040,Espresso Beans,3,Beverages,12.99,38.97
11472,2025-09-30,2104,Espresso Beans,5,Beverages,12.99,64.95
11473,2025-01-14,2201,Pasta,3,Grocery,2.49,7.470000000000001
11474,2025-06-08,2449,Soap,4,Household,2.99,11.96
11475,2025-06-01,2265,Almonds,5,Grocery,5.99,29.950000000000003
11476,2025-04-18,2209,Pasta,3,Grocery,2.49,7.470000000000001
11477,2025-07-07,2562,Soap,1,Household,2.99,2.99
11478,2025-10-28,2117,Granola,2,Snacks,4.29,8.58
11479,2025-04-08,2376,Honey,2,Grocery,7.99,15.98
11480,2025-05-11,2550,Green Tea,1,Beverages,6.49,6.49
11481,2025-10-20,2539,Almonds,2,Grocery,5.99,11.98
11482,2025-06-20,2083,Olive Oil,2,Grocery,9.99,19.98
11483,2025-07-02,2453,Almonds,1,Grocery,5.99,5.99
11484,2025-12-30,2513,Green Tea,1,Beverages,6.49,6.49
11485,2025-02-08,2386,Chocolate Bar,3,Snacks,1.99,5.97
11486,2025-01-15,2349,Honey,3,Grocery,7.99,23.97
11487,2025-01-04,2295,Espresso Beans,1,Beverages,12.99,12.99
11488,2025-12-15,2257,Soap,4,Household,2.99,11.96
11489,2025-07-29,2080,Pasta,2,Grocery,2.49,4.98
11490,2025-06-10,2267,Pasta,3,Grocery,2.49,7.470000000000001
11491,2025-01-16,2418,Espresso Beans,2,Beverages,12.99,25.98
11492,2025-04-18,2234,Almonds,5,Grocery,5.99,29.950000000000003
11493,2025-11-07,2310,Honey,1,Grocery,7.99,7.99
11494,2025-08-15,2356,Protein Shake,4,Snacks,3.49,13.96
11495,2025-06-19,2212,Soap,5,Household,2.99,14.950000000000001
11496,2025-02-03,2573,Granola,5,Snacks,4.29,21.45
11497,2025-09-08,2048,Green Tea,5,Beverages,6.49,32.45
11498,2025-09-04,2126,Almonds,1,Grocery,5.99,5.99
11499,2025-09-26,2222,Olive Oil,3,Grocery,9.99,29.97
11500,2025-05-21,2278,Chocolate Bar,1,Snacks,1.99,1.99
